Transaction_ID,itemDescription
1,Bread
1,Rice
2,Flour
2,Sugar
2,Butter
3,Eggs
3,Biscuits
3,Shampoo
3,Milk
3,Bread
3,Beer
4,Flour
4,Beer
4,Bread
5,Coffee
5,Diapers
5,Shampoo
5,Flour
5,Toothpaste
5,Beans
6,Bread
6,Tea
6,Shampoo
6,Cooking Oil
7,Sugar
7,Coffee
7,Cooking Oil
7,Butter
8,Soap
8,Butter
9,Salt
9,Rice
9,Milk
9,Toothpaste
10,Butter
10,Soap
10,Eggs
10,Beans
10,Salt
10,Beer
11,Eggs
11,Milk
11,Flour
12,Eggs
12,Flour
12,Butter
12,Soap
13,Toothpaste
13,Salt
13,Tea
13,Biscuits
14,Coffee
14,Rice
14,Eggs
14,Tea
15,Flour
15,Tea
15,Toothpaste
15,Soap
15,Rice
15,Diapers
16,Flour
16,Cooking Oil
16,Milk
16,Cereal
16,Diapers
16,Soap
17,Soap
17,Rice
17,Eggs
17,Coffee
18,Cooking Oil
18,Coffee
18,Soda
18,Soap
18,Toothpaste
18,Eggs
19,Sugar
19,Flour
19,Diapers
19,Rice
20,Shampoo
20,Biscuits
20,Soap
20,Salt
20,Flour
20,Eggs
21,Soda
21,Eggs
21,Milk
21,Butter
21,Sugar
21,Cooking Oil
22,Shampoo
22,Eggs
22,Soap
23,Cereal
23,Toothpaste
23,Beer
23,Rice
23,Bread
24,Diapers
24,Rice
25,Butter
25,Beans
25,Shampoo
25,Tea
26,Bread
26,Rice
26,Beer
26,Tea
26,Butter
27,Beer
27,Coffee
27,Sugar
27,Salt
28,Diapers
28,Beer
28,Bread
29,Cooking Oil
29,Soda
29,Bread
29,Butter
29,Salt
29,Toothpaste
30,Flour
30,Milk
30,Cereal
30,Eggs
31,Soda
31,Eggs
32,Sugar
32,Cereal
32,Soda
32,Tea
32,Rice
32,Diapers
33,Shampoo
33,Coffee
33,Diapers
33,Biscuits
33,Beans
33,Beer
34,Toothpaste
34,Beer
34,Cereal
34,Butter
35,Flour
35,Eggs
35,Cooking Oil
36,Biscuits
36,Diapers
37,Biscuits
37,Flour
37,Bread
38,Milk
38,Flour
39,Milk
39,Cooking Oil
40,Beer
40,Flour
41,Soda
41,Coffee
41,Diapers
41,Sugar
42,Biscuits
42,Soda
42,Flour
42,Cereal
42,Shampoo
42,Butter
43,Butter
43,Shampoo
44,Shampoo
44,Cereal
44,Toothpaste
44,Milk
45,Milk
45,Soap
46,Butter
46,Flour
46,Coffee
46,Diapers
47,Toothpaste
47,Sugar
47,Shampoo
47,Tea
47,Rice
47,Flour
48,Eggs
48,Toothpaste
48,Diapers
49,Milk
49,Diapers
50,Eggs
50,Flour
51,Shampoo
51,Soda
51,Biscuits
52,Soap
52,Milk
52,Tea
53,Bread
53,Soap
53,Rice
53,Toothpaste
53,Beans
54,Diapers
54,Soda
54,Sugar
54,Coffee
54,Beans
55,Milk
55,Biscuits
55,Diapers
56,Cooking Oil
56,Milk
57,Biscuits
57,Soda
58,Beer
58,Tea
58,Milk
58,Cereal
58,Eggs
58,Shampoo
59,Eggs
59,Cereal
59,Flour
60,Butter
60,Biscuits
60,Flour
60,Milk
60,Eggs
61,Biscuits
61,Cereal
61,Beer
61,Cooking Oil
61,Rice
62,Cooking Oil
62,Flour
62,Rice
63,Sugar
63,Beans
63,Toothpaste
63,Cooking Oil
63,Eggs
64,Toothpaste
64,Biscuits
65,Eggs
65,Diapers
66,Beer
66,Rice
66,Sugar
67,Eggs
67,Flour
67,Salt
67,Beans
68,Toothpaste
68,Diapers
68,Beans
69,Beer
69,Bread
69,Diapers
69,Beans
69,Butter
69,Toothpaste
70,Rice
70,Butter
70,Biscuits
71,Sugar
71,Rice
71,Beans
71,Coffee
71,Cooking Oil
71,Butter
72,Beer
72,Soda
72,Rice
72,Milk
73,Shampoo
73,Rice
74,Bread
74,Cooking Oil
75,Rice
75,Tea
75,Toothpaste
76,Shampoo
76,Diapers
76,Bread
76,Butter
76,Eggs
76,Toothpaste
77,Diapers
77,Milk
77,Salt
78,Diapers
78,Sugar
78,Shampoo
78,Biscuits
78,Milk
78,Beer
79,Milk
79,Salt
79,Coffee
79,Flour
80,Salt
80,Diapers
81,Cereal
81,Sugar
81,Flour
81,Tea
81,Beer
82,Bread
82,Tea
82,Cooking Oil
82,Shampoo
82,Flour
83,Tea
83,Butter
83,Soap
83,Milk
84,Flour
84,Coffee
84,Toothpaste
84,Salt
84,Beans
85,Flour
85,Bread
85,Coffee
86,Cooking Oil
86,Rice
86,Eggs
86,Biscuits
86,Salt
87,Soap
87,Diapers
87,Cooking Oil
87,Bread
87,Butter
87,Toothpaste
88,Tea
88,Biscuits
88,Rice
88,Milk
89,Cereal
89,Shampoo
90,Cooking Oil
90,Shampoo
90,Beer
90,Butter
91,Biscuits
91,Coffee
91,Rice
91,Milk
91,Shampoo
92,Beer
92,Diapers
93,Salt
93,Shampoo
93,Eggs
94,Cereal
94,Cooking Oil
94,Butter
94,Beans
95,Beans
95,Shampoo
95,Cooking Oil
95,Soap
95,Cereal
95,Rice
96,Coffee
96,Shampoo
96,Soap
97,Cereal
97,Biscuits
97,Beans
98,Diapers
98,Bread
98,Beans
98,Cereal
98,Coffee
99,Biscuits
99,Cooking Oil
99,Toothpaste
99,Diapers
99,Beer
100,Beer
100,Soda
100,Tea
101,Beans
101,Beer
102,Cooking Oil
102,Eggs
102,Flour
102,Beans
102,Diapers
102,Soap
103,Sugar
103,Bread
103,Milk
104,Soda
104,Eggs
104,Toothpaste
105,Biscuits
105,Coffee
105,Soap
105,Soda
105,Diapers
106,Sugar
106,Bread
106,Butter
107,Flour
107,Tea
107,Beer
107,Toothpaste
107,Milk
108,Flour
108,Butter
108,Toothpaste
108,Sugar
108,Diapers
108,Cooking Oil
109,Diapers
109,Cooking Oil
109,Toothpaste
109,Beer
109,Shampoo
109,Soda
110,Toothpaste
110,Tea
110,Soda
110,Cereal
110,Rice
110,Soap
111,Rice
111,Beer
111,Soda
112,Rice
112,Toothpaste
112,Eggs
113,Flour
113,Rice
113,Cooking Oil
113,Diapers
114,Eggs
114,Sugar
114,Biscuits
114,Flour
114,Soap
114,Salt
115,Coffee
115,Eggs
115,Shampoo
116,Cooking Oil
116,Diapers
116,Toothpaste
116,Shampoo
116,Milk
117,Shampoo
117,Soap
117,Bread
118,Soap
118,Soda
118,Bread
118,Salt
118,Beans
118,Cereal
119,Shampoo
119,Diapers
119,Biscuits
119,Flour
119,Soda
120,Rice
120,Shampoo
120,Soda
121,Soap
121,Cooking Oil
122,Tea
122,Toothpaste
122,Sugar
122,Bread
122,Soap
123,Biscuits
123,Bread
123,Eggs
123,Shampoo
123,Sugar
123,Beer
124,Tea
124,Milk
124,Rice
124,Soap
124,Cooking Oil
125,Toothpaste
125,Cooking Oil
125,Biscuits
126,Rice
126,Shampoo
126,Cereal
126,Eggs
126,Soda
127,Diapers
127,Milk
128,Flour
128,Eggs
128,Milk
128,Bread
129,Coffee
129,Bread
129,Sugar
130,Sugar
130,Soda
130,Butter
131,Coffee
131,Toothpaste
131,Rice
131,Salt
131,Tea
131,Beans
132,Butter
132,Tea
132,Beans
132,Cereal
132,Bread
132,Toothpaste
133,Biscuits
133,Soap
133,Cereal
133,Coffee
134,Biscuits
134,Flour
135,Beans
135,Butter
136,Milk
136,Salt
136,Diapers
136,Shampoo
136,Biscuits
136,Cereal
137,Cooking Oil
137,Bread
137,Shampoo
137,Soda
137,Butter
137,Coffee
138,Toothpaste
138,Sugar
138,Shampoo
138,Tea
139,Rice
139,Diapers
139,Soda
139,Toothpaste
139,Shampoo
139,Biscuits
140,Rice
140,Cooking Oil
140,Flour
140,Eggs
140,Cereal
140,Toothpaste
141,Flour
141,Toothpaste
141,Soap
141,Cooking Oil
141,Bread
142,Cooking Oil
142,Tea
142,Soda
142,Coffee
142,Salt
143,Cooking Oil
143,Rice
143,Biscuits
143,Bread
144,Coffee
144,Eggs
144,Flour
144,Shampoo
144,Soda
144,Rice
145,Soda
145,Cereal
145,Toothpaste
146,Eggs
146,Beans
147,Soap
147,Flour
147,Beans
148,Salt
148,Soda
148,Diapers
148,Beer
148,Cereal
148,Coffee
149,Cooking Oil
149,Salt
149,Toothpaste
149,Rice
149,Beans
149,Sugar
150,Butter
150,Coffee
150,Cooking Oil
151,Diapers
151,Tea
152,Coffee
152,Soda
152,Rice
153,Beer
153,Beans
153,Butter
153,Coffee
153,Biscuits
153,Diapers
154,Tea
154,Beans
154,Bread
154,Sugar
155,Milk
155,Cereal
155,Diapers
155,Beans
156,Soda
156,Butter
156,Bread
157,Beans
157,Soda
157,Biscuits
157,Toothpaste
157,Cooking Oil
157,Eggs
158,Rice
158,Soda
159,Eggs
159,Soap
160,Eggs
160,Biscuits
160,Milk
160,Sugar
160,Beer
161,Beans
161,Eggs
161,Flour
161,Butter
161,Shampoo
161,Cereal
162,Cereal
162,Flour
162,Beer
162,Soap
162,Toothpaste
162,Soda
163,Beans
163,Biscuits
163,Shampoo
163,Cereal
163,Milk
164,Butter
164,Coffee
164,Biscuits
164,Rice
164,Eggs
164,Soda
165,Tea
165,Diapers
165,Eggs
166,Bread
166,Shampoo
166,Toothpaste
167,Soda
167,Beans
167,Milk
167,Flour
167,Biscuits
167,Salt
168,Toothpaste
168,Eggs
168,Flour
168,Rice
169,Coffee
169,Shampoo
169,Butter
169,Flour
169,Sugar
169,Toothpaste
170,Sugar
170,Eggs
170,Milk
170,Tea
171,Cereal
171,Biscuits
171,Beans
171,Toothpaste
172,Toothpaste
172,Beans
173,Rice
173,Beer
173,Diapers
173,Soda
173,Toothpaste
174,Cereal
174,Milk
175,Cooking Oil
175,Rice
175,Bread
175,Eggs
175,Flour
176,Biscuits
176,Bread
176,Rice
176,Milk
176,Tea
176,Flour
177,Toothpaste
177,Rice
177,Tea
177,Shampoo
177,Soda
177,Milk
178,Salt
178,Shampoo
178,Cooking Oil
178,Diapers
178,Butter
179,Cooking Oil
179,Shampoo
179,Soda
180,Soap
180,Diapers
180,Milk
180,Toothpaste
181,Cooking Oil
181,Rice
182,Butter
182,Soap
182,Beer
182,Bread
183,Toothpaste
183,Shampoo
183,Milk
183,Coffee
183,Salt
183,Beans
184,Toothpaste
184,Milk
184,Coffee
184,Rice
184,Sugar
185,Toothpaste
185,Soda
185,Butter
185,Bread
186,Flour
186,Tea
186,Beans
186,Bread
186,Shampoo
186,Milk
187,Butter
187,Toothpaste
187,Cereal
188,Soda
188,Beans
188,Beer
189,Shampoo
189,Soda
189,Biscuits
189,Flour
190,Diapers
190,Sugar
190,Soap
190,Coffee
190,Biscuits
191,Rice
191,Shampoo
192,Beer
192,Rice
192,Bread
192,Beans
193,Biscuits
193,Cereal
193,Soda
193,Sugar
194,Diapers
194,Soda
194,Salt
194,Cooking Oil
194,Soap
195,Cooking Oil
195,Coffee
195,Flour
195,Soap
195,Diapers
196,Milk
196,Cooking Oil
196,Soda
196,Soap
196,Beer
197,Soda
197,Milk
197,Sugar
198,Biscuits
198,Cooking Oil
198,Butter
198,Toothpaste
198,Diapers
198,Rice
199,Bread
199,Sugar
199,Shampoo
199,Biscuits
199,Eggs
200,Rice
200,Cooking Oil
200,Soap
200,Eggs
200,Biscuits
201,Soap
201,Cooking Oil
201,Soda
201,Milk
201,Eggs
201,Butter
202,Flour
202,Eggs
202,Shampoo
202,Butter
203,Toothpaste
203,Tea
204,Bread
204,Milk
204,Cooking Oil
204,Biscuits
205,Salt
205,Cereal
205,Shampoo
205,Sugar
206,Beer
206,Shampoo
206,Tea
207,Tea
207,Eggs
207,Soap
208,Flour
208,Soda
208,Sugar
208,Cereal
208,Toothpaste
208,Cooking Oil
209,Toothpaste
209,Rice
209,Bread
209,Cereal
210,Diapers
210,Tea
210,Eggs
210,Toothpaste
211,Biscuits
211,Beans
211,Shampoo
211,Rice
212,Beans
212,Coffee
212,Soap
212,Soda
212,Butter
213,Soap
213,Biscuits
213,Salt
214,Beans
214,Cereal
214,Bread
214,Soap
214,Rice
214,Diapers
215,Milk
215,Soda
215,Beans
215,Flour
215,Salt
215,Butter
216,Cereal
216,Rice
216,Sugar
217,Milk
217,Beans
218,Milk
218,Biscuits
218,Salt
218,Sugar
218,Eggs
219,Cooking Oil
219,Shampoo
219,Tea
219,Coffee
220,Diapers
220,Salt
220,Beer
221,Rice
221,Tea
221,Cereal
221,Soda
221,Beans
221,Salt
222,Butter
222,Toothpaste
222,Eggs
222,Sugar
223,Soap
223,Diapers
223,Salt
224,Soap
224,Bread
225,Diapers
225,Butter
225,Toothpaste
225,Salt
226,Biscuits
226,Soap
226,Salt
226,Butter
227,Soda
227,Bread
227,Diapers
228,Cereal
228,Flour
228,Eggs
228,Toothpaste
229,Shampoo
229,Butter
229,Sugar
229,Milk
230,Beans
230,Soda
231,Butter
231,Flour
232,Sugar
232,Soap
232,Toothpaste
232,Salt
232,Shampoo
232,Beans
233,Shampoo
233,Butter
233,Soda
234,Shampoo
234,Rice
234,Milk
234,Salt
234,Coffee
234,Flour
235,Flour
235,Salt
235,Butter
235,Biscuits
235,Beer
236,Soap
236,Rice
237,Butter
237,Toothpaste
237,Eggs
238,Cereal
238,Bread
238,Milk
239,Flour
239,Sugar
239,Coffee
239,Eggs
240,Coffee
240,Biscuits
240,Cereal
240,Flour
240,Cooking Oil
240,Soap
241,Cereal
241,Bread
241,Rice
242,Sugar
242,Diapers
242,Rice
243,Butter
243,Bread
243,Sugar
244,Salt
244,Flour
245,Cooking Oil
245,Bread
245,Tea
245,Rice
245,Milk
245,Eggs
246,Beer
246,Butter
246,Eggs
246,Soda
246,Toothpaste
247,Beer
247,Biscuits
247,Butter
247,Toothpaste
248,Flour
248,Milk
248,Beer
248,Beans
248,Toothpaste
248,Cooking Oil
249,Milk
249,Soda
250,Shampoo
250,Butter
250,Soda
250,Toothpaste
250,Eggs
251,Cooking Oil
251,Sugar
252,Sugar
252,Rice
253,Biscuits
253,Diapers
253,Cooking Oil
253,Soap
253,Beans
253,Flour
254,Cereal
254,Shampoo
254,Butter
254,Diapers
254,Coffee
254,Soda
255,Flour
255,Shampoo
255,Cooking Oil
255,Toothpaste
255,Soap
256,Butter
256,Cooking Oil
256,Shampoo
256,Biscuits
256,Rice
257,Sugar
257,Soda
257,Eggs
257,Diapers
258,Eggs
258,Shampoo
259,Salt
259,Sugar
260,Milk
260,Biscuits
260,Diapers
260,Cooking Oil
260,Butter
260,Coffee
261,Shampoo
261,Milk
261,Beans
261,Diapers
262,Butter
262,Biscuits
262,Beer
262,Coffee
263,Soda
263,Flour
263,Butter
264,Diapers
264,Salt
264,Butter
264,Rice
265,Flour
265,Shampoo
265,Diapers
265,Bread
265,Rice
265,Beer
266,Rice
266,Beans
266,Cooking Oil
267,Bread
267,Tea
267,Sugar
267,Soap
268,Sugar
268,Bread
269,Beer
269,Coffee
270,Shampoo
270,Toothpaste
270,Cooking Oil
270,Tea
270,Salt
271,Cooking Oil
271,Biscuits
271,Eggs
271,Milk
272,Tea
272,Milk
272,Eggs
273,Toothpaste
273,Shampoo
273,Soda
273,Cereal
274,Rice
274,Coffee
274,Beer
274,Butter
274,Salt
275,Butter
275,Beans
275,Soda
275,Beer
275,Biscuits
276,Flour
276,Soap
277,Milk
277,Bread
277,Coffee
277,Beans
277,Diapers
277,Soap
278,Rice
278,Beans
278,Cooking Oil
279,Bread
279,Soda
280,Tea
280,Sugar
280,Soap
280,Flour
280,Salt
281,Soap
281,Milk
282,Bread
282,Toothpaste
282,Eggs
282,Cooking Oil
282,Shampoo
283,Soap
283,Shampoo
283,Beans
283,Butter
283,Cereal
283,Bread
284,Tea
284,Toothpaste
284,Salt
284,Eggs
285,Butter
285,Flour
285,Shampoo
285,Soap
285,Eggs
286,Beans
286,Cooking Oil
286,Flour
286,Biscuits
286,Tea
287,Beer
287,Butter
288,Beer
288,Coffee
288,Salt
288,Diapers
288,Sugar
288,Butter
289,Sugar
289,Rice
290,Tea
290,Sugar
290,Eggs
291,Soda
291,Toothpaste
291,Biscuits
292,Cereal
292,Cooking Oil
292,Biscuits
292,Sugar
292,Toothpaste
292,Milk
293,Toothpaste
293,Beans
293,Rice
293,Milk
293,Salt
294,Eggs
294,Beans
294,Toothpaste
294,Diapers
294,Milk
294,Bread
295,Beans
295,Eggs
295,Biscuits
295,Beer
296,Toothpaste
296,Biscuits
296,Diapers
296,Milk
296,Cereal
297,Coffee
297,Cooking Oil
297,Soda
297,Beer
297,Sugar
297,Bread
298,Butter
298,Cooking Oil
298,Eggs
298,Beer
298,Tea
299,Flour
299,Toothpaste
300,Beer
300,Cereal
300,Tea
300,Salt
300,Biscuits
301,Soap
301,Shampoo
301,Cooking Oil
301,Milk
302,Eggs
302,Cooking Oil
302,Butter
302,Soap
303,Rice
303,Sugar
303,Cooking Oil
303,Eggs
304,Sugar
304,Salt
304,Beans
304,Soap
304,Cereal
304,Diapers
305,Beans
305,Diapers
306,Cooking Oil
306,Sugar
306,Beer
306,Eggs
306,Shampoo
307,Salt
307,Bread
307,Cereal
307,Beans
307,Tea
307,Butter
308,Soda
308,Coffee
308,Flour
308,Sugar
309,Eggs
309,Beans
309,Butter
310,Diapers
310,Beer
310,Milk
310,Cooking Oil
310,Sugar
310,Beans
311,Sugar
311,Tea
311,Biscuits
311,Diapers
311,Toothpaste
312,Shampoo
312,Salt
313,Toothpaste
313,Beans
313,Cereal
314,Diapers
314,Flour
314,Beans
315,Coffee
315,Salt
315,Toothpaste
315,Diapers
315,Beans
316,Beer
316,Cereal
316,Shampoo
316,Tea
316,Coffee
317,Sugar
317,Rice
317,Milk
317,Soda
317,Salt
317,Biscuits
318,Beer
318,Butter
319,Eggs
319,Tea
319,Rice
319,Toothpaste
320,Sugar
320,Shampoo
320,Eggs
320,Flour
320,Toothpaste
320,Soda
321,Bread
321,Shampoo
321,Milk
321,Soap
322,Salt
322,Flour
322,Soap
322,Eggs
322,Cereal
322,Butter
323,Cooking Oil
323,Butter
324,Sugar
324,Cereal
324,Milk
324,Beans
325,Sugar
325,Soda
325,Toothpaste
325,Bread
325,Eggs
326,Rice
326,Coffee
327,Diapers
327,Beer
327,Shampoo
328,Beans
328,Flour
329,Butter
329,Milk
329,Flour
329,Shampoo
330,Toothpaste
330,Eggs
330,Butter
330,Soda
330,Bread
330,Cooking Oil
331,Biscuits
331,Flour
331,Sugar
331,Beans
331,Shampoo
331,Bread
332,Salt
332,Flour
332,Shampoo
332,Tea
332,Eggs
332,Rice
333,Eggs
333,Beer
333,Diapers
333,Biscuits
334,Diapers
334,Bread
334,Soap
334,Soda
334,Milk
334,Cooking Oil
335,Salt
335,Rice
335,Bread
335,Cereal
335,Eggs
336,Flour
336,Butter
336,Cooking Oil
336,Sugar
337,Salt
337,Diapers
338,Tea
338,Toothpaste
338,Soda
338,Cereal
339,Eggs
339,Toothpaste
339,Milk
340,Coffee
340,Milk
340,Cereal
340,Biscuits
341,Beans
341,Beer
341,Soap
341,Soda
342,Milk
342,Coffee
342,Beans
342,Salt
343,Cooking Oil
343,Rice
344,Salt
344,Shampoo
345,Toothpaste
345,Soap
345,Cooking Oil
345,Tea
345,Soda
346,Salt
346,Beer
346,Rice
346,Eggs
346,Shampoo
347,Shampoo
347,Tea
348,Beans
348,Cooking Oil
348,Butter
348,Eggs
348,Biscuits
348,Soda
349,Beans
349,Toothpaste
349,Shampoo
349,Tea
350,Salt
350,Toothpaste
350,Milk
350,Cereal
350,Shampoo
351,Milk
351,Eggs
351,Soap
351,Salt
352,Tea
352,Bread
352,Sugar
352,Toothpaste
352,Milk
352,Eggs
353,Flour
353,Salt
354,Soap
354,Biscuits
354,Milk
354,Sugar
355,Salt
355,Cereal
355,Toothpaste
355,Eggs
355,Sugar
356,Salt
356,Soap
356,Cooking Oil
356,Rice
356,Flour
356,Milk
357,Tea
357,Soda
358,Soap
358,Diapers
358,Butter
358,Rice
358,Beer
358,Salt
359,Coffee
359,Beans
359,Soda
359,Cereal
359,Butter
360,Eggs
360,Toothpaste
360,Tea
361,Eggs
361,Cooking Oil
361,Salt
361,Cereal
361,Beans
362,Tea
362,Cereal
362,Salt
362,Beer
363,Butter
363,Coffee
363,Sugar
364,Soda
364,Bread
364,Salt
365,Biscuits
365,Salt
365,Toothpaste
365,Sugar
365,Eggs
365,Milk
366,Soap
366,Soda
366,Beer
366,Shampoo
367,Biscuits
367,Eggs
367,Sugar
367,Cooking Oil
367,Cereal
368,Toothpaste
368,Beer
368,Salt
368,Sugar
368,Tea
369,Shampoo
369,Beer
369,Milk
370,Beer
370,Sugar
371,Tea
371,Cereal
371,Cooking Oil
371,Flour
372,Beer
372,Beans
372,Eggs
372,Rice
373,Diapers
373,Rice
373,Sugar
374,Cereal
374,Diapers
374,Eggs
374,Beer
375,Biscuits
375,Cereal
375,Sugar
376,Cereal
376,Cooking Oil
376,Milk
377,Eggs
377,Milk
378,Rice
378,Coffee
378,Shampoo
378,Bread
378,Soda
378,Toothpaste
379,Beans
379,Cereal
379,Soda
379,Flour
379,Soap
379,Sugar
380,Eggs
380,Milk
380,Tea
380,Toothpaste
380,Shampoo
381,Toothpaste
381,Coffee
381,Cooking Oil
381,Sugar
381,Diapers
382,Salt
382,Soap
382,Sugar
382,Cereal
383,Diapers
383,Butter
383,Cooking Oil
383,Flour
383,Toothpaste
383,Milk
384,Toothpaste
384,Flour
384,Sugar
384,Butter
385,Beans
385,Soap
386,Shampoo
386,Flour
386,Tea
386,Cooking Oil
386,Beer
386,Butter
387,Soda
387,Beer
387,Toothpaste
388,Beans
388,Soda
388,Bread
388,Eggs
388,Soap
389,Toothpaste
389,Flour
389,Coffee
389,Salt
389,Milk
389,Bread
390,Soda
390,Cereal
390,Beans
390,Bread
391,Shampoo
391,Sugar
392,Salt
392,Soap
392,Cereal
392,Milk
393,Milk
393,Biscuits
393,Diapers
393,Coffee
393,Salt
394,Beans
394,Eggs
394,Soap
394,Beer
394,Toothpaste
394,Diapers
395,Rice
395,Butter
395,Sugar
395,Biscuits
395,Soap
395,Tea
396,Diapers
396,Salt
396,Sugar
396,Coffee
397,Beer
397,Soap
397,Cereal
397,Milk
397,Diapers
397,Bread
398,Cooking Oil
398,Soda
398,Beer
399,Sugar
399,Beer
399,Cereal
399,Cooking Oil
399,Biscuits
400,Soap
400,Beans
400,Cooking Oil
401,Beer
401,Diapers
401,Soda
401,Beans
401,Biscuits
401,Shampoo
402,Salt
402,Cooking Oil
403,Shampoo
403,Biscuits
404,Bread
404,Soda
404,Rice
404,Flour
405,Biscuits
405,Soda
406,Beer
406,Soap
406,Sugar
407,Milk
407,Biscuits
407,Butter
408,Bread
408,Toothpaste
408,Cooking Oil
409,Sugar
409,Shampoo
409,Coffee
409,Biscuits
409,Soda
410,Sugar
410,Beer
411,Diapers
411,Cooking Oil
411,Soda
412,Soap
412,Cooking Oil
412,Tea
412,Toothpaste
412,Biscuits
412,Rice
413,Rice
413,Soda
413,Coffee
413,Flour
414,Diapers
414,Beans
414,Flour
414,Biscuits
415,Coffee
415,Soda
415,Cooking Oil
415,Biscuits
416,Diapers
416,Rice
416,Beans
416,Butter
417,Diapers
417,Soap
417,Biscuits
417,Salt
417,Sugar
417,Soda
418,Beans
418,Eggs
419,Toothpaste
419,Rice
419,Soda
419,Coffee
420,Diapers
420,Rice
420,Cereal
421,Sugar
421,Butter
421,Flour
421,Diapers
422,Beer
422,Flour
423,Milk
423,Butter
423,Shampoo
424,Soda
424,Butter
424,Sugar
424,Bread
425,Tea
425,Shampoo
425,Soda
425,Diapers
425,Coffee
425,Soap
426,Cooking Oil
426,Beans
426,Milk
426,Eggs
427,Flour
427,Diapers
427,Milk
427,Tea
427,Shampoo
427,Toothpaste
428,Milk
428,Soap
428,Soda
429,Beans
429,Milk
429,Bread
430,Biscuits
430,Butter
430,Cooking Oil
430,Beans
431,Diapers
431,Beer
431,Soda
431,Sugar
431,Toothpaste
432,Coffee
432,Butter
432,Cooking Oil
432,Tea
433,Rice
433,Tea
433,Bread
433,Cooking Oil
433,Beans
434,Coffee
434,Tea
434,Soap
434,Shampoo
434,Cooking Oil
434,Milk
435,Butter
435,Tea
435,Sugar
435,Soda
435,Cooking Oil
436,Bread
436,Rice
436,Soap
437,Toothpaste
437,Rice
437,Cooking Oil
438,Biscuits
438,Cereal
438,Bread
438,Rice
439,Flour
439,Milk
439,Butter
439,Toothpaste
440,Tea
440,Soap
440,Beer
440,Beans
441,Beans
441,Salt
442,Flour
442,Cereal
442,Sugar
442,Soda
442,Diapers
442,Biscuits
443,Salt
443,Shampoo
443,Diapers
443,Soda
443,Coffee
443,Soap
444,Cereal
444,Eggs
444,Beer
445,Beer
445,Salt
445,Eggs
445,Butter
445,Milk
446,Beer
446,Coffee
446,Diapers
446,Sugar
446,Tea
446,Soda
447,Toothpaste
447,Butter
447,Coffee
447,Soda
447,Eggs
447,Cereal
448,Toothpaste
448,Milk
448,Cereal
448,Sugar
448,Shampoo
448,Flour
449,Milk
449,Diapers
449,Toothpaste
449,Beans
449,Bread
449,Coffee
450,Bread
450,Coffee
450,Eggs
450,Milk
451,Salt
451,Eggs
451,Diapers
451,Milk
451,Biscuits
452,Milk
452,Beans
452,Shampoo
452,Tea
452,Sugar
453,Salt
453,Soap
453,Toothpaste
453,Biscuits
453,Beer
454,Diapers
454,Sugar
455,Butter
455,Tea
455,Diapers
455,Soap
456,Sugar
456,Flour
456,Bread
456,Diapers
456,Beans
456,Biscuits
457,Shampoo
457,Diapers
457,Soap
457,Flour
457,Beer
457,Soda
458,Sugar
458,Rice
458,Coffee
458,Butter
459,Shampoo
459,Bread
460,Coffee
460,Eggs
460,Butter
461,Milk
461,Toothpaste
461,Cereal
461,Flour
461,Diapers
461,Coffee
462,Flour
462,Diapers
462,Coffee
462,Milk
462,Sugar
463,Beans
463,Flour
463,Cooking Oil
463,Diapers
463,Biscuits
463,Sugar
464,Beer
464,Flour
464,Shampoo
465,Rice
465,Milk
465,Diapers
465,Tea
466,Diapers
466,Soda
466,Milk
466,Salt
466,Soap
467,Cooking Oil
467,Shampoo
467,Biscuits
467,Sugar
467,Beans
467,Coffee
468,Diapers
468,Soda
468,Flour
469,Beans
469,Sugar
469,Toothpaste
470,Diapers
470,Shampoo
471,Diapers
471,Beer
471,Sugar
471,Soap
471,Flour
472,Coffee
472,Cooking Oil
472,Eggs
472,Toothpaste
473,Eggs
473,Diapers
473,Coffee
473,Milk
474,Soap
474,Milk
474,Eggs
474,Coffee
475,Diapers
475,Coffee
475,Soda
475,Biscuits
475,Cooking Oil
475,Sugar
476,Coffee
476,Cereal
477,Soda
477,Flour
478,Coffee
478,Soap
478,Flour
478,Cooking Oil
478,Beans
478,Cereal
479,Diapers
479,Salt
479,Beans
479,Rice
479,Biscuits
480,Soda
480,Toothpaste
480,Butter
480,Cereal
480,Cooking Oil
480,Biscuits
481,Salt
481,Cooking Oil
481,Shampoo
482,Biscuits
482,Flour
483,Bread
483,Rice
483,Diapers
484,Biscuits
484,Shampoo
484,Beans
484,Sugar
484,Coffee
484,Tea
485,Soap
485,Biscuits
485,Flour
486,Diapers
486,Cooking Oil
486,Rice
486,Soda
486,Beer
487,Tea
487,Salt
487,Cereal
487,Sugar
487,Soda
488,Diapers
488,Milk
488,Beer
489,Eggs
489,Milk
490,Shampoo
490,Sugar
491,Eggs
491,Sugar
491,Bread
492,Beer
492,Toothpaste
492,Salt
493,Cereal
493,Soda
494,Bread
494,Cereal
494,Diapers
494,Shampoo
494,Biscuits
495,Beer
495,Rice
496,Beans
496,Bread
496,Beer
496,Shampoo
496,Tea
496,Milk
497,Beer
497,Sugar
498,Coffee
498,Beer
498,Rice
499,Rice
499,Soap
499,Eggs
499,Salt
500,Toothpaste
500,Biscuits
500,Flour
500,Diapers
500,Beans
501,Milk
501,Eggs
502,Soap
502,Cereal
502,Diapers
502,Soda
502,Milk
503,Tea
503,Eggs
504,Shampoo
504,Cooking Oil
504,Butter
504,Beer
504,Milk
505,Coffee
505,Biscuits
505,Soda
506,Milk
506,Eggs
506,Rice
506,Cereal
507,Cooking Oil
507,Bread
507,Coffee
508,Sugar
508,Soap
508,Eggs
508,Beans
508,Tea
508,Beer
509,Biscuits
509,Soap
509,Diapers
510,Soap
510,Sugar
510,Eggs
510,Beer
511,Milk
511,Butter
511,Shampoo
511,Flour
512,Cooking Oil
512,Soap
513,Bread
513,Rice
513,Toothpaste
513,Soda
514,Salt
514,Diapers
514,Soap
515,Tea
515,Biscuits
515,Soap
515,Eggs
515,Beans
516,Eggs
516,Cereal
516,Rice
517,Soap
517,Sugar
517,Cereal
518,Salt
518,Butter
518,Eggs
518,Bread
519,Toothpaste
519,Salt
519,Rice
519,Butter
520,Eggs
520,Tea
520,Shampoo
521,Diapers
521,Cereal
521,Beer
521,Shampoo
521,Butter
522,Eggs
522,Salt
523,Eggs
523,Cooking Oil
523,Soap
523,Bread
523,Beans
523,Coffee
524,Eggs
524,Diapers
524,Flour
524,Beer
524,Tea
525,Tea
525,Sugar
525,Rice
525,Beans
525,Diapers
526,Sugar
526,Eggs
526,Tea
526,Shampoo
526,Rice
527,Beans
527,Soda
527,Eggs
527,Salt
527,Rice
528,Soda
528,Coffee
528,Toothpaste
529,Sugar
529,Beans
530,Soap
530,Cooking Oil
531,Soap
531,Cooking Oil
531,Toothpaste
531,Biscuits
531,Shampoo
531,Soda
532,Sugar
532,Beans
532,Cooking Oil
532,Coffee
532,Soda
532,Tea
533,Soap
533,Cooking Oil
533,Beans
534,Biscuits
534,Flour
534,Cooking Oil
534,Soap
534,Rice
535,Salt
535,Butter
535,Coffee
535,Tea
535,Bread
536,Coffee
536,Toothpaste
536,Beans
536,Eggs
536,Shampoo
537,Sugar
537,Beans
537,Flour
537,Rice
537,Cereal
538,Soap
538,Eggs
538,Toothpaste
538,Soda
538,Cereal
539,Beer
539,Shampoo
539,Diapers
539,Milk
539,Salt
539,Soda
540,Cereal
540,Eggs
540,Butter
540,Flour
540,Salt
540,Biscuits
541,Milk
541,Biscuits
541,Soap
541,Cooking Oil
541,Shampoo
541,Cereal
542,Butter
542,Rice
543,Beer
543,Cereal
543,Diapers
544,Biscuits
544,Flour
544,Toothpaste
544,Salt
544,Soap
544,Cereal
545,Beer
545,Sugar
545,Salt
545,Bread
545,Soda
545,Milk
546,Shampoo
546,Eggs
546,Butter
546,Sugar
547,Beans
547,Cooking Oil
547,Toothpaste
547,Coffee
548,Soda
548,Salt
548,Cereal
548,Butter
548,Toothpaste
548,Biscuits
549,Cooking Oil
549,Eggs
549,Beans
549,Milk
549,Butter
550,Cooking Oil
550,Butter
551,Flour
551,Beer
551,Tea
552,Tea
552,Cooking Oil
552,Diapers
552,Shampoo
552,Toothpaste
552,Butter
553,Tea
553,Cereal
553,Shampoo
553,Soap
553,Bread
554,Coffee
554,Toothpaste
554,Shampoo
554,Soap
554,Bread
554,Salt
555,Coffee
555,Rice
555,Eggs
556,Butter
556,Diapers
556,Tea
556,Salt
556,Cooking Oil
556,Cereal
557,Butter
557,Rice
557,Soda
557,Beer
557,Cooking Oil
558,Soap
558,Cereal
558,Butter
558,Salt
558,Beer
558,Shampoo
559,Cereal
559,Tea
559,Beans
559,Eggs
559,Sugar
560,Butter
560,Flour
560,Beans
560,Cereal
561,Salt
561,Sugar
561,Beer
562,Shampoo
562,Sugar
562,Soap
562,Cereal
562,Tea
563,Diapers
563,Tea
563,Cereal
563,Biscuits
563,Soda
564,Sugar
564,Tea
564,Cooking Oil
564,Toothpaste
565,Milk
565,Salt
565,Bread
565,Soda
565,Sugar
565,Butter
566,Diapers
566,Beer
566,Soda
566,Shampoo
566,Cereal
567,Toothpaste
567,Soda
567,Tea
567,Eggs
567,Bread
568,Beans
568,Milk
568,Rice
569,Diapers
569,Beans
569,Tea
570,Biscuits
570,Soda
570,Diapers
570,Beer
570,Butter
571,Butter
571,Rice
571,Diapers
571,Salt
571,Milk
571,Soap
572,Diapers
572,Coffee
572,Shampoo
572,Butter
572,Flour
573,Milk
573,Toothpaste
573,Rice
573,Salt
574,Toothpaste
574,Butter
575,Coffee
575,Biscuits
575,Salt
576,Shampoo
576,Tea
576,Sugar
576,Coffee
576,Beer
576,Soap
577,Biscuits
577,Salt
578,Rice
578,Diapers
578,Tea
578,Cooking Oil
578,Beans
578,Sugar
579,Rice
579,Beer
579,Butter
579,Sugar
579,Shampoo
579,Toothpaste
580,Rice
580,Sugar
581,Flour
581,Sugar
581,Cooking Oil
582,Soap
582,Soda
582,Sugar
583,Rice
583,Shampoo
583,Soap
583,Toothpaste
583,Eggs
583,Cooking Oil
584,Soap
584,Beer
585,Salt
585,Toothpaste
585,Soda
585,Cooking Oil
586,Bread
586,Eggs
586,Toothpaste
586,Salt
586,Biscuits
586,Soap
587,Soap
587,Coffee
587,Shampoo
587,Biscuits
587,Soda
587,Sugar
588,Beans
588,Cooking Oil
588,Diapers
588,Sugar
589,Soda
589,Cooking Oil
589,Milk
589,Diapers
589,Butter
589,Biscuits
590,Bread
590,Butter
590,Tea
590,Toothpaste
590,Beer
591,Shampoo
591,Coffee
592,Beans
592,Tea
592,Rice
593,Salt
593,Rice
594,Salt
594,Tea
595,Soap
595,Beans
596,Shampoo
596,Eggs
596,Butter
597,Coffee
597,Soda
598,Sugar
598,Biscuits
599,Beer
599,Toothpaste
599,Bread
600,Cooking Oil
600,Butter
601,Sugar
601,Soda
601,Eggs
601,Flour
601,Soap
602,Butter
602,Cereal
603,Salt
603,Beans
603,Sugar
603,Soap
604,Sugar
604,Eggs
604,Beer
605,Bread
605,Tea
605,Toothpaste
605,Salt
605,Coffee
605,Cooking Oil
606,Shampoo
606,Toothpaste
606,Coffee
607,Butter
607,Sugar
608,Biscuits
608,Soap
609,Shampoo
609,Cooking Oil
609,Sugar
609,Flour
610,Eggs
610,Flour
610,Diapers
610,Beans
611,Beans
611,Coffee
612,Cereal
612,Beer
612,Coffee
612,Soap
612,Beans
612,Cooking Oil
613,Flour
613,Soda
614,Butter
614,Flour
614,Soda
614,Eggs
614,Bread
615,Cooking Oil
615,Sugar
615,Soap
615,Shampoo
616,Diapers
616,Tea
616,Soda
616,Eggs
617,Biscuits
617,Eggs
618,Rice
618,Coffee
619,Milk
619,Soap
620,Beans
620,Beer
620,Shampoo
620,Diapers
620,Soap
620,Milk
621,Diapers
621,Sugar
621,Rice
621,Eggs
621,Beans
621,Milk
622,Coffee
622,Sugar
622,Diapers
622,Cooking Oil
622,Soap
622,Beans
623,Beans
623,Shampoo
624,Milk
624,Flour
624,Eggs
625,Butter
625,Toothpaste
625,Milk
625,Beans
625,Tea
626,Bread
626,Sugar
627,Tea
627,Soda
628,Beer
628,Cereal
628,Rice
628,Tea
629,Sugar
629,Rice
629,Butter
629,Bread
630,Shampoo
630,Rice
630,Beer
630,Eggs
631,Biscuits
631,Eggs
631,Soda
631,Toothpaste
632,Salt
632,Milk
632,Soda
632,Tea
632,Cereal
632,Eggs
633,Butter
633,Biscuits
633,Cereal
633,Flour
634,Bread
634,Milk
634,Cereal
634,Flour
634,Biscuits
634,Beer
635,Soap
635,Sugar
635,Tea
635,Milk
636,Shampoo
636,Flour
636,Cooking Oil
636,Biscuits
636,Cereal
636,Toothpaste
637,Rice
637,Eggs
637,Salt
637,Butter
638,Milk
638,Tea
638,Flour
638,Beer
638,Cereal
638,Coffee
639,Toothpaste
639,Beans
640,Cooking Oil
640,Eggs
640,Diapers
640,Toothpaste
641,Salt
641,Coffee
642,Biscuits
642,Beans
642,Flour
642,Toothpaste
643,Biscuits
643,Soda
643,Coffee
643,Flour
644,Bread
644,Shampoo
644,Cereal
645,Diapers
645,Salt
645,Bread
646,Bread
646,Soap
646,Beans
646,Butter
647,Beer
647,Flour
647,Shampoo
648,Milk
648,Sugar
648,Rice
648,Eggs
648,Cereal
649,Beer
649,Shampoo
649,Salt
650,Eggs
650,Biscuits
650,Butter
650,Beer
650,Sugar
651,Eggs
651,Biscuits
651,Milk
651,Shampoo
651,Sugar
652,Beans
652,Rice
652,Cooking Oil
653,Cooking Oil
653,Cereal
653,Toothpaste
653,Rice
653,Flour
654,Coffee
654,Sugar
655,Butter
655,Sugar
655,Cereal
655,Tea
655,Toothpaste
655,Flour
656,Shampoo
656,Butter
656,Diapers
656,Salt
657,Toothpaste
657,Beans
657,Cereal
658,Butter
658,Eggs
658,Tea
658,Beans
659,Milk
659,Coffee
659,Cooking Oil
659,Sugar
659,Eggs
659,Salt
660,Salt
660,Soap
660,Beer
661,Beans
661,Rice
662,Bread
662,Soap
662,Toothpaste
663,Diapers
663,Flour
663,Butter
663,Toothpaste
663,Cereal
663,Soap
664,Butter
664,Bread
664,Milk
665,Sugar
665,Coffee
665,Soap
666,Eggs
666,Biscuits
666,Rice
666,Cereal
667,Eggs
667,Coffee
668,Sugar
668,Eggs
668,Cooking Oil
668,Butter
668,Milk
669,Milk
669,Tea
669,Shampoo
669,Soap
669,Soda
670,Soap
670,Shampoo
671,Salt
671,Coffee
671,Tea
672,Rice
672,Toothpaste
672,Sugar
672,Milk
673,Cereal
673,Flour
673,Beans
673,Soda
673,Shampoo
673,Toothpaste
674,Soda
674,Milk
674,Eggs
674,Rice
674,Soap
674,Diapers
675,Coffee
675,Beer
675,Flour
675,Bread
675,Soap
676,Soda
676,Diapers
676,Cereal
676,Salt
677,Beer
677,Cooking Oil
677,Soap
677,Rice
677,Tea
677,Bread
678,Cereal
678,Flour
678,Bread
678,Rice
679,Soda
679,Beer
680,Biscuits
680,Flour
680,Tea
680,Butter
681,Flour
681,Rice
681,Diapers
682,Flour
682,Biscuits
683,Salt
683,Tea
683,Biscuits
683,Flour
683,Cooking Oil
684,Biscuits
684,Bread
684,Salt
684,Sugar
685,Coffee
685,Soda
685,Diapers
685,Beans
685,Tea
685,Flour
686,Eggs
686,Milk
687,Cereal
687,Flour
687,Bread
688,Soda
688,Bread
688,Cooking Oil
688,Coffee
688,Sugar
688,Tea
689,Cooking Oil
689,Milk
689,Bread
690,Biscuits
690,Sugar
690,Butter
691,Salt
691,Eggs
691,Cereal
691,Soap
691,Butter
691,Tea
692,Cooking Oil
692,Sugar
692,Tea
692,Shampoo
693,Cooking Oil
693,Tea
693,Diapers
693,Salt
693,Flour
694,Tea
694,Soap
694,Beans
694,Diapers
694,Sugar
694,Eggs
695,Biscuits
695,Soap
696,Milk
696,Tea
696,Cooking Oil
696,Flour
696,Butter
696,Toothpaste
697,Sugar
697,Cooking Oil
697,Eggs
697,Flour
697,Salt
698,Tea
698,Eggs
698,Cooking Oil
698,Toothpaste
699,Rice
699,Coffee
700,Eggs
700,Salt
700,Rice
701,Bread
701,Milk
702,Toothpaste
702,Shampoo
702,Tea
702,Biscuits
702,Soda
703,Salt
703,Diapers
703,Soap
703,Butter
703,Soda
704,Flour
704,Tea
704,Toothpaste
704,Eggs
704,Milk
704,Sugar
705,Cooking Oil
705,Rice
706,Eggs
706,Cooking Oil
707,Soap
707,Tea
707,Eggs
708,Eggs
708,Cooking Oil
708,Soda
708,Bread
708,Shampoo
708,Biscuits
709,Cereal
709,Shampoo
709,Tea
710,Butter
710,Cooking Oil
711,Coffee
711,Shampoo
711,Diapers
712,Rice
712,Beans
712,Biscuits
712,Flour
712,Butter
712,Bread
713,Biscuits
713,Diapers
713,Soda
713,Sugar
713,Milk
714,Bread
714,Shampoo
714,Eggs
714,Beans
715,Soda
715,Coffee
715,Butter
715,Bread
715,Biscuits
715,Eggs
716,Eggs
716,Soda
716,Butter
716,Beans
717,Soda
717,Cereal
717,Rice
717,Eggs
717,Soap
718,Salt
718,Soap
718,Cereal
719,Toothpaste
719,Milk
719,Rice
720,Toothpaste
720,Rice
720,Flour
720,Biscuits
720,Milk
721,Butter
721,Eggs
721,Salt
722,Shampoo
722,Biscuits
722,Flour
722,Milk
722,Soap
722,Cereal
723,Shampoo
723,Diapers
723,Soda
723,Flour
723,Biscuits
723,Sugar
724,Soap
724,Milk
725,Biscuits
725,Beer
725,Sugar
725,Butter
725,Toothpaste
725,Eggs
726,Coffee
726,Cereal
726,Sugar
727,Shampoo
727,Eggs
728,Coffee
728,Sugar
728,Rice
728,Cooking Oil
728,Eggs
729,Soap
729,Diapers
730,Diapers
730,Cooking Oil
730,Rice
730,Beer
730,Toothpaste
731,Cereal
731,Biscuits
732,Shampoo
732,Butter
732,Cereal
732,Sugar
732,Beer
732,Beans
733,Biscuits
733,Butter
733,Cereal
733,Diapers
733,Beans
733,Shampoo
734,Salt
734,Shampoo
734,Rice
734,Soap
734,Soda
734,Beans
735,Soda
735,Milk
735,Tea
735,Rice
735,Soap
735,Eggs
736,Cereal
736,Soap
736,Milk
736,Biscuits
736,Cooking Oil
736,Salt
737,Milk
737,Soda
737,Rice
738,Bread
738,Cooking Oil
738,Beans
738,Diapers
739,Soda
739,Butter
739,Flour
739,Sugar
740,Toothpaste
740,Cooking Oil
740,Rice
740,Shampoo
741,Eggs
741,Coffee
741,Toothpaste
741,Biscuits
741,Shampoo
741,Salt
742,Beer
742,Salt
742,Milk
742,Cereal
742,Tea
743,Beans
743,Beer
744,Sugar
744,Beer
744,Bread
744,Tea
744,Coffee
745,Milk
745,Flour
745,Cereal
746,Milk
746,Salt
746,Coffee
746,Rice
746,Biscuits
747,Beer
747,Soap
747,Butter
747,Bread
747,Flour
748,Soda
748,Toothpaste
748,Tea
748,Cereal
749,Diapers
749,Salt
749,Biscuits
749,Tea
749,Rice
749,Cereal
750,Beans
750,Bread
751,Milk
751,Tea
751,Coffee
751,Flour
751,Beer
752,Rice
752,Shampoo
752,Beer
753,Bread
753,Soda
754,Tea
754,Bread
754,Flour
755,Cereal
755,Beans
755,Rice
755,Shampoo
756,Salt
756,Toothpaste
756,Rice
756,Coffee
756,Biscuits
757,Beer
757,Soap
757,Butter
757,Bread
758,Salt
758,Diapers
758,Beans
758,Biscuits
758,Butter
758,Flour
759,Cooking Oil
759,Rice
760,Rice
760,Cereal
760,Beans
760,Coffee
761,Beer
761,Flour
761,Milk
762,Soap
762,Cooking Oil
762,Sugar
762,Bread
762,Soda
762,Diapers
763,Shampoo
763,Soap
763,Biscuits
763,Milk
764,Biscuits
764,Coffee
764,Cooking Oil
764,Flour
764,Soda
764,Toothpaste
765,Beer
765,Beans
765,Tea
765,Diapers
766,Butter
766,Soda
766,Sugar
766,Rice
767,Tea
767,Cooking Oil
767,Eggs
767,Flour
767,Salt
767,Butter
768,Shampoo
768,Cooking Oil
768,Salt
768,Rice
769,Beans
769,Toothpaste
769,Butter
769,Soda
769,Milk
769,Shampoo
770,Biscuits
770,Eggs
770,Soda
770,Coffee
770,Butter
770,Shampoo
771,Beer
771,Beans
771,Shampoo
771,Milk
771,Sugar
772,Coffee
772,Cooking Oil
772,Shampoo
773,Toothpaste
773,Sugar
773,Cooking Oil
773,Tea
773,Eggs
773,Flour
774,Tea
774,Cooking Oil
774,Milk
774,Bread
775,Rice
775,Coffee
775,Tea
775,Diapers
775,Soda
776,Sugar
776,Shampoo
777,Soap
777,Shampoo
777,Soda
777,Cereal
777,Bread
778,Diapers
778,Coffee
779,Bread
779,Cooking Oil
779,Beer
779,Coffee
780,Bread
780,Flour
781,Salt
781,Beans
781,Sugar
782,Soap
782,Beer
783,Beans
783,Tea
783,Eggs
783,Milk
783,Cereal
783,Sugar
784,Beer
784,Cereal
784,Cooking Oil
784,Shampoo
784,Sugar
785,Soda
785,Salt
785,Coffee
785,Tea
786,Bread
786,Flour
786,Biscuits
786,Sugar
786,Coffee
787,Biscuits
787,Beer
788,Butter
788,Salt
788,Milk
789,Rice
789,Diapers
789,Milk
789,Biscuits
789,Butter
790,Milk
790,Butter
791,Toothpaste
791,Soap
791,Butter
791,Rice
791,Soda
792,Coffee
792,Bread
792,Beans
793,Butter
793,Beer
793,Rice
793,Sugar
793,Shampoo
794,Beer
794,Butter
795,Butter
795,Cereal
795,Soda
795,Coffee
796,Coffee
796,Rice
796,Beer
796,Cereal
796,Salt
796,Soda
797,Beans
797,Tea
797,Milk
797,Soda
797,Coffee
798,Cooking Oil
798,Flour
798,Bread
798,Diapers
798,Eggs
799,Biscuits
799,Soda
800,Eggs
800,Beer
800,Cereal
801,Rice
801,Flour
802,Beans
802,Rice
802,Toothpaste
802,Milk
802,Butter
803,Milk
803,Beans
803,Salt
804,Shampoo
804,Butter
804,Biscuits
804,Milk
805,Sugar
805,Tea
806,Salt
806,Toothpaste
806,Rice
806,Eggs
807,Cooking Oil
807,Tea
807,Butter
807,Soap
808,Toothpaste
808,Rice
808,Soap
808,Soda
808,Shampoo
809,Butter
809,Sugar
809,Milk
810,Butter
810,Shampoo
810,Soda
811,Toothpaste
811,Tea
811,Soap
811,Salt
811,Bread
811,Shampoo
812,Soda
812,Cereal
812,Butter
813,Toothpaste
813,Milk
813,Eggs
813,Rice
813,Cooking Oil
814,Beer
814,Biscuits
815,Flour
815,Cooking Oil
815,Beer
815,Diapers
815,Butter
815,Coffee
816,Soda
816,Salt
816,Soap
817,Diapers
817,Milk
817,Bread
818,Beer
818,Soda
818,Biscuits
819,Eggs
819,Soda
819,Cooking Oil
820,Cooking Oil
820,Rice
820,Milk
821,Flour
821,Diapers
821,Soap
821,Biscuits
821,Cereal
821,Milk
822,Toothpaste
822,Biscuits
822,Cereal
822,Eggs
822,Soda
823,Cooking Oil
823,Butter
823,Soda
823,Bread
823,Biscuits
824,Shampoo
824,Milk
824,Diapers
824,Bread
824,Eggs
825,Cereal
825,Beans
825,Beer
825,Coffee
825,Toothpaste
825,Tea
826,Milk
826,Flour
826,Toothpaste
826,Cooking Oil
827,Cereal
827,Soda
827,Salt
827,Toothpaste
827,Butter
827,Milk
828,Bread
828,Cooking Oil
828,Salt
829,Diapers
829,Beer
829,Salt
829,Butter
830,Tea
830,Soda
831,Shampoo
831,Butter
831,Rice
832,Coffee
832,Cereal
832,Butter
832,Soap
832,Biscuits
832,Flour
833,Cooking Oil
833,Butter
833,Shampoo
834,Biscuits
834,Butter
835,Toothpaste
835,Biscuits
835,Beer
835,Sugar
835,Soda
836,Beer
836,Milk
837,Shampoo
837,Biscuits
837,Soda
837,Beer
837,Tea
837,Salt
838,Tea
838,Sugar
838,Butter
838,Soap
838,Cooking Oil
838,Rice
839,Shampoo
839,Flour
839,Rice
839,Soap
839,Cooking Oil
840,Toothpaste
840,Sugar
840,Biscuits
840,Shampoo
841,Beer
841,Beans
841,Diapers
841,Cooking Oil
841,Coffee
841,Butter
842,Cereal
842,Beans
842,Salt
843,Tea
843,Beer
843,Diapers
844,Butter
844,Salt
844,Diapers
844,Soda
845,Biscuits
845,Shampoo
845,Diapers
845,Beans
845,Cereal
845,Soap
846,Beer
846,Butter
847,Soap
847,Sugar
848,Milk
848,Coffee
849,Tea
849,Beans
849,Rice
849,Sugar
850,Beans
850,Coffee
851,Milk
851,Salt
851,Toothpaste
851,Butter
851,Flour
851,Biscuits
852,Soap
852,Flour
852,Beer
852,Beans
852,Milk
852,Toothpaste
853,Soap
853,Shampoo
853,Cooking Oil
853,Milk
853,Bread
854,Coffee
854,Toothpaste
854,Flour
854,Salt
855,Diapers
855,Coffee
855,Biscuits
855,Beans
855,Toothpaste
855,Eggs
856,Tea
856,Cereal
857,Butter
857,Soap
857,Milk
857,Shampoo
857,Rice
857,Soda
858,Sugar
858,Tea
858,Rice
858,Bread
859,Toothpaste
859,Sugar
859,Milk
859,Biscuits
860,Cereal
860,Milk
860,Beans
860,Soda
861,Diapers
861,Salt
861,Eggs
861,Cooking Oil
861,Flour
861,Cereal
862,Eggs
862,Beer
862,Tea
862,Shampoo
862,Soap
862,Milk
863,Flour
863,Coffee
863,Cooking Oil
863,Diapers
864,Beans
864,Coffee
864,Beer
864,Soda
865,Bread
865,Butter
865,Salt
865,Toothpaste
865,Flour
865,Beer
866,Cereal
866,Flour
866,Milk
866,Cooking Oil
866,Soap
866,Toothpaste
867,Soap
867,Rice
868,Beans
868,Bread
868,Beer
868,Salt
868,Toothpaste
868,Flour
869,Beans
869,Coffee
870,Beer
870,Eggs
870,Butter
870,Tea
871,Diapers
871,Bread
871,Eggs
871,Coffee
871,Beer
871,Shampoo
872,Butter
872,Coffee
872,Diapers
872,Shampoo
872,Eggs
873,Bread
873,Toothpaste
873,Cooking Oil
874,Eggs
874,Cereal
875,Tea
875,Rice
876,Eggs
876,Biscuits
876,Flour
876,Rice
876,Shampoo
876,Coffee
877,Soap
877,Shampoo
877,Cooking Oil
877,Bread
877,Cereal
878,Diapers
878,Bread
879,Eggs
879,Biscuits
879,Milk
879,Cereal
879,Salt
879,Toothpaste
880,Butter
880,Beans
880,Biscuits
880,Eggs
880,Diapers
880,Soap
881,Soap
881,Cereal
881,Bread
881,Soda
881,Tea
882,Flour
882,Sugar
882,Soap
882,Beans
882,Biscuits
882,Soda
883,Bread
883,Diapers
883,Biscuits
883,Sugar
884,Milk
884,Bread
885,Cereal
885,Soap
885,Diapers
885,Eggs
885,Beans
885,Butter
886,Coffee
886,Shampoo
886,Beer
886,Sugar
887,Tea
887,Flour
887,Rice
888,Butter
888,Tea
888,Milk
889,Toothpaste
889,Diapers
889,Eggs
889,Beans
889,Biscuits
889,Sugar
890,Coffee
890,Biscuits
891,Cooking Oil
891,Salt
891,Sugar
891,Flour
891,Butter
892,Cereal
892,Eggs
892,Coffee
892,Cooking Oil
893,Toothpaste
893,Cooking Oil
893,Beans
893,Sugar
893,Salt
894,Shampoo
894,Tea
894,Bread
894,Cooking Oil
895,Flour
895,Shampoo
895,Rice
896,Sugar
896,Cooking Oil
896,Soda
896,Toothpaste
897,Salt
897,Beans
897,Soda
897,Butter
897,Tea
898,Eggs
898,Rice
898,Sugar
898,Coffee
898,Biscuits
898,Salt
899,Eggs
899,Bread
900,Bread
900,Biscuits
900,Soap
900,Coffee
900,Milk
900,Rice
901,Diapers
901,Cereal
901,Soda
901,Sugar
902,Soap
902,Flour
902,Beans
902,Sugar
903,Beer
903,Cereal
903,Eggs
903,Soap
903,Salt
904,Bread
904,Flour
904,Tea
904,Beer
904,Sugar
904,Biscuits
905,Tea
905,Biscuits
905,Sugar
906,Salt
906,Milk
906,Flour
906,Soda
906,Diapers
907,Rice
907,Salt
908,Milk
908,Coffee
908,Beer
909,Soap
909,Soda
909,Toothpaste
909,Milk
910,Cooking Oil
910,Butter
911,Rice
911,Cereal
911,Diapers
911,Tea
911,Soap
911,Cooking Oil
912,Salt
912,Biscuits
912,Eggs
912,Beer
912,Rice
913,Flour
913,Beer
913,Soap
913,Salt
913,Biscuits
914,Soda
914,Bread
914,Beer
914,Sugar
914,Toothpaste
915,Flour
915,Eggs
915,Beer
916,Coffee
916,Sugar
916,Tea
916,Diapers
917,Cereal
917,Butter
917,Flour
917,Shampoo
918,Butter
918,Soda
918,Biscuits
918,Diapers
919,Biscuits
919,Tea
919,Shampoo
920,Flour
920,Milk
921,Biscuits
921,Cereal
921,Tea
922,Beer
922,Milk
922,Sugar
923,Tea
923,Rice
924,Beer
924,Soap
924,Bread
925,Eggs
925,Coffee
925,Toothpaste
925,Soda
926,Tea
926,Flour
926,Shampoo
926,Sugar
926,Cereal
927,Beer
927,Rice
927,Tea
927,Cooking Oil
927,Toothpaste
927,Beans
928,Eggs
928,Flour
928,Soap
928,Diapers
928,Sugar
928,Milk
929,Coffee
929,Beer
930,Shampoo
930,Sugar
930,Butter
930,Tea
930,Soda
930,Toothpaste
931,Cereal
931,Milk
931,Diapers
931,Beer
931,Butter
931,Biscuits
932,Sugar
932,Diapers
932,Bread
932,Shampoo
932,Beer
933,Milk
933,Beer
933,Shampoo
933,Flour
934,Soap
934,Salt
934,Butter
934,Shampoo
934,Sugar
935,Soda
935,Flour
935,Eggs
935,Beans
936,Diapers
936,Shampoo
936,Rice
936,Coffee
936,Bread
936,Salt
937,Biscuits
937,Beer
938,Beer
938,Bread
939,Coffee
939,Cooking Oil
939,Shampoo
939,Salt
939,Butter
940,Shampoo
940,Biscuits
940,Rice
941,Diapers
941,Shampoo
941,Salt
941,Rice
942,Coffee
942,Shampoo
942,Diapers
942,Soda
942,Tea
943,Diapers
943,Cereal
943,Soda
943,Rice
944,Biscuits
944,Salt
944,Soap
944,Sugar
945,Flour
945,Toothpaste
946,Butter
946,Coffee
946,Beer
947,Cooking Oil
947,Diapers
947,Milk
947,Tea
947,Soap
948,Eggs
948,Sugar
949,Cereal
949,Shampoo
949,Eggs
949,Diapers
949,Rice
950,Salt
950,Eggs
950,Milk
951,Soap
951,Beer
951,Beans
951,Milk
951,Tea
952,Toothpaste
952,Bread
952,Coffee
952,Beer
952,Beans
953,Milk
953,Beer
953,Biscuits
954,Cereal
954,Tea
954,Milk
955,Flour
955,Bread
955,Tea
955,Eggs
956,Soap
956,Salt
956,Cereal
956,Diapers
957,Coffee
957,Beer
957,Bread
957,Eggs
957,Biscuits
957,Rice
958,Diapers
958,Biscuits
958,Salt
958,Cereal
959,Flour
959,Coffee
959,Toothpaste
959,Soap
960,Bread
960,Rice
960,Tea
960,Shampoo
960,Butter
960,Biscuits
961,Beer
961,Beans
962,Butter
962,Beer
962,Rice
962,Diapers
963,Soap
963,Biscuits
963,Soda
963,Flour
963,Cooking Oil
964,Toothpaste
964,Biscuits
964,Bread
964,Soda
964,Butter
965,Eggs
965,Soap
965,Flour
965,Diapers
966,Shampoo
966,Salt
966,Beer
966,Bread
967,Flour
967,Beans
967,Eggs
967,Soap
968,Eggs
968,Diapers
968,Tea
968,Soda
969,Salt
969,Coffee
969,Rice
969,Tea
970,Soda
970,Coffee
970,Flour
971,Rice
971,Coffee
971,Flour
972,Flour
972,Salt
972,Sugar
973,Butter
973,Eggs
974,Cereal
974,Bread
974,Diapers
974,Milk
974,Soda
975,Cereal
975,Cooking Oil
975,Soda
975,Rice
976,Tea
976,Beer
976,Rice
976,Soap
976,Flour
977,Sugar
977,Milk
977,Beer
977,Shampoo
977,Soda
977,Rice
978,Beer
978,Salt
979,Tea
979,Toothpaste
979,Butter
979,Beer
979,Biscuits
980,Bread
980,Cereal
980,Coffee
980,Soap
981,Butter
981,Cooking Oil
981,Salt
981,Rice
981,Tea
981,Beer
982,Flour
982,Rice
982,Soda
982,Cooking Oil
983,Tea
983,Soda
983,Shampoo
983,Coffee
984,Salt
984,Cereal
984,Soap
984,Rice
984,Toothpaste
985,Biscuits
985,Sugar
985,Flour
986,Rice
986,Flour
987,Shampoo
987,Soap
987,Coffee
987,Sugar
987,Beer
987,Flour
988,Tea
988,Shampoo
989,Sugar
989,Beer
989,Diapers
989,Cooking Oil
989,Soda
990,Rice
990,Diapers
990,Milk
990,Soap
991,Tea
991,Milk
992,Rice
992,Soda
992,Butter
993,Cooking Oil
993,Rice
993,Salt
993,Diapers
993,Biscuits
994,Bread
994,Shampoo
994,Butter
994,Salt
995,Coffee
995,Biscuits
995,Diapers
995,Tea
995,Beans
995,Beer
996,Beer
996,Soda
996,Toothpaste
996,Eggs
997,Cereal
997,Beans
997,Toothpaste
997,Sugar
997,Tea
998,Shampoo
998,Biscuits
998,Soap
998,Eggs
999,Tea
999,Cooking Oil
1000,Cooking Oil
1000,Cereal
1000,Beans
1001,Cereal
1001,Soap
1001,Rice
1001,Toothpaste
1002,Biscuits
1002,Beer
1002,Toothpaste
1002,Shampoo
1003,Tea
1003,Bread
1003,Sugar
1004,Rice
1004,Eggs
1004,Coffee
1005,Soap
1005,Butter
1005,Biscuits
1006,Soda
1006,Diapers
1007,Bread
1007,Soap
1008,Eggs
1008,Butter
1008,Rice
1008,Sugar
1008,Cereal
1008,Cooking Oil
1009,Beans
1009,Flour
1009,Biscuits
1009,Cereal
1009,Toothpaste
1010,Sugar
1010,Beer
1010,Tea
1011,Milk
1011,Salt
1012,Soda
1012,Toothpaste
1012,Diapers
1012,Rice
1013,Toothpaste
1013,Sugar
1013,Diapers
1013,Tea
1013,Cereal
1013,Cooking Oil
1014,Shampoo
1014,Beer
1014,Diapers
1014,Beans
1014,Salt
1014,Flour
1015,Flour
1015,Eggs
1015,Toothpaste
1015,Beans
1015,Salt
1015,Coffee
1016,Sugar
1016,Beans
1016,Bread
1016,Diapers
1017,Sugar
1017,Salt
1017,Beans
1017,Soda
1017,Bread
1017,Biscuits
1018,Soda
1018,Beans
1018,Bread
1018,Shampoo
1018,Biscuits
1019,Flour
1019,Bread
1019,Diapers
1019,Salt
1019,Coffee
1019,Soda
1020,Shampoo
1020,Soap
1020,Flour
1020,Tea
1020,Biscuits
1020,Cereal
1021,Flour
1021,Rice
1021,Eggs
1021,Shampoo
1021,Cereal
1022,Cereal
1022,Rice
1022,Beans
1022,Biscuits
1022,Shampoo
1022,Butter
1023,Tea
1023,Sugar
1024,Butter
1024,Toothpaste
1024,Biscuits
1024,Rice
1025,Soda
1025,Coffee
1025,Cooking Oil
1025,Bread
1025,Sugar
1025,Beer
1026,Bread
1026,Tea
1026,Butter
1026,Beans
1026,Rice
1026,Eggs
1027,Bread
1027,Flour
1027,Eggs
1027,Sugar
1027,Cereal
1028,Coffee
1028,Cooking Oil
1028,Shampoo
1028,Beans
1028,Soda
1029,Toothpaste
1029,Milk
1029,Cooking Oil
1029,Eggs
1030,Milk
1030,Rice
1030,Soap
1031,Diapers
1031,Soda
1032,Coffee
1032,Rice
1032,Soap
1033,Butter
1033,Flour
1034,Toothpaste
1034,Flour
1034,Milk
1034,Coffee
1034,Cereal
1035,Beer
1035,Coffee
1036,Soap
1036,Beans
1036,Cooking Oil
1036,Tea
1036,Milk
1037,Beer
1037,Butter
1037,Rice
1037,Soda
1037,Beans
1037,Biscuits
1038,Milk
1038,Coffee
1038,Butter
1038,Flour
1039,Cooking Oil
1039,Bread
1039,Tea
1039,Rice
1039,Butter
1040,Flour
1040,Bread
1040,Milk
1040,Soda
1040,Sugar
1041,Eggs
1041,Flour
1041,Tea
1041,Soda
1042,Cereal
1042,Cooking Oil
1043,Milk
1043,Salt
1044,Diapers
1044,Butter
1044,Sugar
1045,Flour
1045,Cooking Oil
1045,Diapers
1045,Salt
1045,Toothpaste
1046,Bread
1046,Soap
1046,Salt
1047,Rice
1047,Milk
1047,Soda
1048,Diapers
1048,Beans
1048,Cereal
1048,Soda
1048,Coffee
1049,Tea
1049,Diapers
1049,Salt
1049,Cooking Oil
1049,Toothpaste
1049,Sugar
1050,Diapers
1050,Tea
1050,Eggs
1050,Beer
1050,Sugar
1050,Flour
1051,Rice
1051,Diapers
1051,Salt
1051,Toothpaste
1052,Beer
1052,Soap
1053,Bread
1053,Salt
1053,Flour
1054,Eggs
1054,Diapers
1054,Soap
1054,Coffee
1055,Soda
1055,Diapers
1055,Sugar
1055,Beans
1055,Cooking Oil
1055,Coffee
1056,Butter
1056,Cereal
1056,Beer
1056,Eggs
1057,Sugar
1057,Tea
1058,Coffee
1058,Butter
1059,Coffee
1059,Butter
1059,Milk
1059,Soap
1059,Soda
1060,Cereal
1060,Biscuits
1060,Rice
1060,Milk
1060,Salt
1060,Butter
1061,Eggs
1061,Bread
1061,Coffee
1061,Soda
1061,Cereal
1061,Flour
1062,Salt
1062,Diapers
1063,Salt
1063,Milk
1063,Rice
1063,Beer
1063,Biscuits
1064,Beans
1064,Eggs
1065,Beer
1065,Butter
1065,Biscuits
1066,Diapers
1066,Soap
1066,Coffee
1067,Beer
1067,Flour
1067,Tea
1068,Diapers
1068,Shampoo
1068,Butter
1068,Salt
1068,Toothpaste
1068,Beer
1069,Butter
1069,Tea
1069,Biscuits
1069,Soap
1069,Cooking Oil
1070,Diapers
1070,Toothpaste
1070,Salt
1071,Diapers
1071,Cooking Oil
1071,Salt
1071,Shampoo
1072,Cooking Oil
1072,Flour
1072,Diapers
1072,Coffee
1072,Soap
1073,Rice
1073,Salt
1073,Toothpaste
1073,Diapers
1073,Soap
1073,Bread
1074,Beans
1074,Bread
1075,Sugar
1075,Beans
1075,Bread
1075,Biscuits
1075,Flour
1075,Butter
1076,Bread
1076,Rice
1076,Diapers
1076,Beer
1077,Biscuits
1077,Cereal
1077,Sugar
1077,Butter
1077,Milk
1077,Flour
1078,Sugar
1078,Cereal
1078,Rice
1078,Salt
1079,Flour
1079,Cereal
1079,Rice
1079,Beans
1079,Eggs
1079,Beer
1080,Biscuits
1080,Coffee
1080,Eggs
1080,Cooking Oil
1080,Soda
1081,Soda
1081,Biscuits
1081,Butter
1082,Beans
1082,Milk
1082,Soap
1082,Eggs
1082,Biscuits
1082,Toothpaste
1083,Salt
1083,Shampoo
1083,Biscuits
1083,Butter
1084,Cereal
1084,Bread
1084,Soap
1085,Beans
1085,Beer
1086,Cooking Oil
1086,Diapers
1087,Sugar
1087,Cooking Oil
1087,Beer
1087,Flour
1087,Cereal
1087,Bread
1088,Toothpaste
1088,Biscuits
1088,Beer
1088,Eggs
1088,Flour
1089,Beans
1089,Soap
1089,Sugar
1089,Diapers
1089,Cooking Oil
1090,Soda
1090,Biscuits
1091,Diapers
1091,Soap
1092,Eggs
1092,Soap
1092,Beer
1092,Shampoo
1093,Sugar
1093,Soda
1093,Diapers
1094,Soda
1094,Soap
1094,Coffee
1095,Cereal
1095,Beer
1095,Flour
1095,Diapers
1095,Eggs
1095,Sugar
1096,Cooking Oil
1096,Biscuits
1096,Eggs
1096,Butter
1096,Shampoo
1097,Salt
1097,Cereal
1097,Coffee
1097,Cooking Oil
1097,Biscuits
1098,Bread
1098,Beans
1098,Tea
1098,Salt
1098,Toothpaste
1098,Biscuits
1099,Toothpaste
1099,Milk
1099,Flour
1100,Salt
1100,Sugar
1100,Eggs
1101,Milk
1101,Flour
1102,Sugar
1102,Beans
1102,Bread
1102,Cooking Oil
1102,Butter
1102,Cereal
1103,Soda
1103,Bread
1103,Cooking Oil
1103,Coffee
1103,Beer
1104,Diapers
1104,Beer
1104,Rice
1105,Soda
1105,Sugar
1105,Bread
1105,Soap
1105,Milk
1105,Biscuits
1106,Milk
1106,Beans
1106,Coffee
1107,Rice
1107,Milk
1107,Toothpaste
1107,Bread
1107,Eggs
1107,Coffee
1108,Salt
1108,Butter
1108,Bread
1108,Beans
1109,Flour
1109,Soap
1109,Beer
1109,Butter
1109,Cooking Oil
1110,Cereal
1110,Diapers
1110,Eggs
1110,Tea
1110,Coffee
1111,Toothpaste
1111,Diapers
1111,Bread
1111,Milk
1111,Flour
1111,Cereal
1112,Beans
1112,Cooking Oil
1112,Soda
1112,Soap
1112,Tea
1112,Bread
1113,Salt
1113,Cereal
1113,Beans
1113,Flour
1114,Rice
1114,Milk
1114,Cereal
1114,Soap
1114,Bread
1114,Diapers
1115,Flour
1115,Sugar
1115,Cooking Oil
1115,Soap
1116,Eggs
1116,Soap
1116,Beer
1117,Flour
1117,Shampoo
1117,Cereal
1117,Sugar
1117,Biscuits
1117,Beer
1118,Cooking Oil
1118,Toothpaste
1118,Diapers
1118,Sugar
1118,Coffee
1118,Cereal
1119,Biscuits
1119,Diapers
1119,Coffee
1120,Beans
1120,Beer
1120,Sugar
1121,Sugar
1121,Biscuits
1121,Tea
1121,Cooking Oil
1121,Eggs
1122,Diapers
1122,Butter
1122,Tea
1122,Cooking Oil
1122,Sugar
1122,Salt
1123,Cooking Oil
1123,Shampoo
1124,Beans
1124,Toothpaste
1124,Rice
1124,Sugar
1124,Coffee
1125,Sugar
1125,Tea
1126,Cereal
1126,Rice
1127,Biscuits
1127,Flour
1127,Cereal
1127,Diapers
1127,Bread
1127,Tea
1128,Soda
1128,Sugar
1129,Cereal
1129,Soda
1129,Salt
1129,Tea
1129,Soap
1129,Flour
1130,Sugar
1130,Tea
1130,Coffee
1130,Flour
1130,Milk
1131,Bread
1131,Rice
1131,Shampoo
1131,Flour
1131,Coffee
1132,Eggs
1132,Tea
1132,Toothpaste
1133,Soda
1133,Cooking Oil
1133,Toothpaste
1133,Flour
1133,Shampoo
1133,Coffee
1134,Cereal
1134,Soap
1135,Soap
1135,Biscuits
1135,Diapers
1135,Beer
1136,Beer
1136,Butter
1137,Toothpaste
1137,Milk
1137,Flour
1137,Beer
1137,Soap
1138,Diapers
1138,Soap
1139,Milk
1139,Coffee
1139,Beans
1139,Toothpaste
1139,Soap
1139,Beer
1140,Beans
1140,Toothpaste
1140,Tea
1140,Shampoo
1141,Cereal
1141,Milk
1141,Beer
1141,Sugar
1142,Toothpaste
1142,Eggs
1142,Beer
1142,Butter
1142,Tea
1143,Diapers
1143,Sugar
1143,Soap
1143,Shampoo
1143,Cooking Oil
1143,Flour
1144,Tea
1144,Toothpaste
1145,Coffee
1145,Toothpaste
1145,Eggs
1145,Rice
1145,Cooking Oil
1145,Salt
1146,Butter
1146,Eggs
1146,Cereal
1147,Salt
1147,Eggs
1147,Beer
1147,Soap
1147,Tea
1148,Diapers
1148,Soap
1148,Milk
1148,Tea
1148,Cooking Oil
1149,Sugar
1149,Tea
1149,Cereal
1149,Biscuits
1149,Milk
1149,Coffee
1150,Beans
1150,Toothpaste
1150,Cereal
1150,Tea
1151,Sugar
1151,Coffee
1152,Cereal
1152,Rice
1153,Toothpaste
1153,Soda
1154,Diapers
1154,Bread
1154,Soda
1154,Flour
1154,Coffee
1155,Soda
1155,Toothpaste
1155,Shampoo
1155,Biscuits
1155,Eggs
1155,Beans
1156,Bread
1156,Flour
1156,Diapers
1156,Rice
1156,Coffee
1156,Cereal
1157,Sugar
1157,Milk
1157,Salt
1158,Sugar
1158,Milk
1159,Cereal
1159,Beans
1159,Cooking Oil
1159,Eggs
1159,Milk
1159,Soda
1160,Tea
1160,Cereal
1160,Beans
1160,Biscuits
1160,Toothpaste
1161,Salt
1161,Milk
1161,Eggs
1161,Beans
1161,Cooking Oil
1161,Tea
1162,Eggs
1162,Shampoo
1162,Diapers
1162,Cereal
1162,Beans
1163,Sugar
1163,Butter
1163,Rice
1163,Cooking Oil
1163,Shampoo
1164,Coffee
1164,Cereal
1164,Milk
1164,Butter
1164,Eggs
1164,Flour
1165,Beans
1165,Shampoo
1165,Cooking Oil
1165,Rice
1165,Salt
1165,Toothpaste
1166,Cereal
1166,Biscuits
1166,Soda
1167,Soda
1167,Cereal
1167,Tea
1167,Flour
1167,Beans
1167,Butter
1168,Butter
1168,Bread
1169,Butter
1169,Coffee
1169,Shampoo
1169,Diapers
1169,Milk
1170,Salt
1170,Diapers
1170,Coffee
1170,Bread
1171,Beans
1171,Rice
1171,Eggs
1172,Beans
1172,Beer
1172,Diapers
1172,Cooking Oil
1173,Butter
1173,Cooking Oil
1174,Soap
1174,Biscuits
1174,Bread
1174,Tea
1175,Cooking Oil
1175,Cereal
1175,Soda
1176,Milk
1176,Sugar
1176,Soda
1176,Biscuits
1176,Toothpaste
1177,Cooking Oil
1177,Toothpaste
1177,Shampoo
1177,Milk
1177,Beans
1177,Soda
1178,Diapers
1178,Cereal
1178,Bread
1178,Coffee
1179,Cooking Oil
1179,Salt
1179,Eggs
1179,Sugar
1179,Rice
1179,Shampoo
1180,Cooking Oil
1180,Soap
1181,Tea
1181,Biscuits
1181,Soap
1181,Cereal
1181,Butter
1181,Shampoo
1182,Cooking Oil
1182,Milk
1182,Rice
1182,Shampoo
1183,Soda
1183,Flour
1184,Toothpaste
1184,Beans
1184,Coffee
1184,Beer
1185,Tea
1185,Butter
1185,Salt
1185,Milk
1186,Eggs
1186,Toothpaste
1186,Beer
1187,Soda
1187,Beer
1188,Coffee
1188,Cooking Oil
1188,Soda
1189,Beans
1189,Cooking Oil
1189,Sugar
1189,Butter
1189,Diapers
1189,Beer
1190,Toothpaste
1190,Soap
1191,Butter
1191,Bread
1191,Beans
1191,Milk
1191,Eggs
1191,Tea
1192,Milk
1192,Butter
1192,Beer
1192,Beans
1192,Bread
1193,Beans
1193,Coffee
1193,Cooking Oil
1193,Biscuits
1193,Beer
1193,Sugar
1194,Diapers
1194,Cooking Oil
1194,Toothpaste
1194,Butter
1195,Sugar
1195,Tea
1195,Rice
1195,Butter
1196,Cereal
1196,Diapers
1197,Butter
1197,Coffee
1197,Diapers
1197,Salt
1197,Cooking Oil
1197,Sugar
1198,Beans
1198,Biscuits
1198,Flour
1199,Eggs
1199,Beans
1199,Cooking Oil
1200,Toothpaste
1200,Milk
1200,Sugar
1200,Bread
1200,Soda
1200,Cereal
1201,Butter
1201,Soap
1202,Eggs
1202,Shampoo
1203,Tea
1203,Biscuits
1203,Toothpaste
1203,Salt
1203,Beans
1204,Coffee
1204,Diapers
1204,Eggs
1204,Toothpaste
1205,Sugar
1205,Eggs
1205,Toothpaste
1205,Butter
1205,Diapers
1205,Cereal
1206,Soda
1206,Flour
1206,Biscuits
1206,Sugar
1206,Rice
1207,Soap
1207,Tea
1207,Cooking Oil
1207,Diapers
1208,Soda
1208,Bread
1208,Eggs
1208,Cereal
1208,Butter
1209,Soda
1209,Toothpaste
1209,Tea
1209,Beans
1210,Cereal
1210,Biscuits
1210,Sugar
1210,Beer
1211,Soap
1211,Butter
1212,Diapers
1212,Eggs
1212,Beans
1212,Toothpaste
1213,Biscuits
1213,Shampoo
1213,Flour
1213,Diapers
1213,Tea
1214,Soap
1214,Eggs
1214,Cooking Oil
1214,Coffee
1214,Shampoo
1215,Biscuits
1215,Cooking Oil
1215,Diapers
1215,Flour
1215,Tea
1216,Biscuits
1216,Soda
1217,Biscuits
1217,Toothpaste
1218,Diapers
1218,Butter
1218,Toothpaste
1218,Tea
1219,Soap
1219,Eggs
1219,Butter
1219,Cereal
1220,Soda
1220,Milk
1220,Eggs
1220,Coffee
1221,Biscuits
1221,Bread
1221,Sugar
1222,Toothpaste
1222,Diapers
1222,Beans
1223,Cereal
1223,Biscuits
1223,Toothpaste
1223,Coffee
1223,Beer
1224,Beans
1224,Biscuits
1224,Cereal
1224,Shampoo
1225,Eggs
1225,Biscuits
1225,Bread
1225,Beer
1226,Sugar
1226,Beans
1226,Milk
1226,Salt
1226,Diapers
1227,Diapers
1227,Salt
1228,Beans
1228,Bread
1229,Shampoo
1229,Biscuits
1229,Soap
1230,Soap
1230,Cereal
1230,Biscuits
1230,Shampoo
1231,Coffee
1231,Tea
1231,Soda
1231,Sugar
1231,Cereal
1231,Rice
1232,Salt
1232,Shampoo
1232,Sugar
1232,Beans
1232,Diapers
1233,Bread
1233,Eggs
1233,Cereal
1234,Soda
1234,Shampoo
1234,Sugar
1235,Sugar
1235,Shampoo
1236,Cereal
1236,Shampoo
1236,Tea
1236,Toothpaste
1236,Biscuits
1237,Toothpaste
1237,Soap
1237,Salt
1237,Flour
1237,Tea
1237,Coffee
1238,Bread
1238,Biscuits
1238,Soda
1238,Flour
1238,Rice
1238,Coffee
1239,Biscuits
1239,Salt
1239,Milk
1239,Diapers
1239,Soda
1239,Cereal
1240,Butter
1240,Biscuits
1240,Soda
1240,Eggs
1241,Beer
1241,Rice
1241,Toothpaste
1242,Eggs
1242,Beer
1242,Cereal
1242,Flour
1242,Soda
1242,Cooking Oil
1243,Diapers
1243,Biscuits
1244,Cereal
1244,Milk
1244,Cooking Oil
1244,Bread
1245,Toothpaste
1245,Beer
1245,Soda
1245,Cooking Oil
1245,Shampoo
1246,Beans
1246,Cereal
1246,Tea
1246,Milk
1247,Beans
1247,Biscuits
1247,Rice
1247,Milk
1247,Soda
1247,Cereal
1248,Biscuits
1248,Milk
1248,Beans
1249,Bread
1249,Beans
1249,Soda
1249,Eggs
1249,Sugar
1249,Rice
1250,Rice
1250,Cereal
1251,Cereal
1251,Rice
1251,Biscuits
1252,Bread
1252,Butter
1252,Tea
1252,Sugar
1253,Salt
1253,Tea
1253,Rice
1253,Flour
1253,Soda
1254,Beer
1254,Milk
1254,Cooking Oil
1255,Sugar
1255,Cereal
1256,Shampoo
1256,Soap
1256,Flour
1256,Toothpaste
1256,Tea
1257,Biscuits
1257,Salt
1257,Milk
1258,Butter
1258,Milk
1258,Tea
1258,Toothpaste
1259,Soda
1259,Beans
1259,Cereal
1259,Flour
1259,Soap
1260,Soda
1260,Rice
1260,Sugar
1260,Beer
1260,Shampoo
1261,Beans
1261,Toothpaste
1262,Cooking Oil
1262,Beer
1262,Milk
1262,Butter
1262,Salt
1263,Cereal
1263,Rice
1263,Cooking Oil
1263,Biscuits
1263,Beer
1264,Rice
1264,Biscuits
1265,Toothpaste
1265,Flour
1265,Coffee
1265,Beer
1265,Cooking Oil
1266,Cooking Oil
1266,Diapers
1266,Bread
1267,Eggs
1267,Bread
1268,Butter
1268,Beer
1268,Cereal
1268,Toothpaste
1268,Salt
1269,Beans
1269,Rice
1269,Coffee
1270,Bread
1270,Eggs
1271,Cereal
1271,Coffee
1272,Butter
1272,Cereal
1272,Eggs
1272,Sugar
1272,Soap
1272,Cooking Oil
1273,Tea
1273,Butter
1273,Cereal
1273,Rice
1273,Beans
1273,Flour
1274,Toothpaste
1274,Rice
1275,Cooking Oil
1275,Rice
1275,Tea
1275,Eggs
1275,Biscuits
1276,Soap
1276,Cereal
1277,Milk
1277,Rice
1277,Biscuits
1277,Tea
1278,Eggs
1278,Soda
1278,Coffee
1278,Soap
1278,Tea
1279,Butter
1279,Sugar
1279,Diapers
1279,Shampoo
1279,Coffee
1280,Butter
1280,Toothpaste
1280,Rice
1280,Cereal
1280,Milk
1280,Soda
1281,Biscuits
1281,Rice
1282,Bread
1282,Soda
1282,Sugar
1282,Cereal
1282,Milk
1283,Rice
1283,Sugar
1283,Cooking Oil
1283,Soap
1283,Bread
1284,Soda
1284,Cereal
1284,Shampoo
1284,Soap
1284,Eggs
1284,Rice
1285,Bread
1285,Soap
1285,Soda
1286,Biscuits
1286,Diapers
1287,Cooking Oil
1287,Beans
1287,Soap
1287,Milk
1288,Salt
1288,Diapers
1289,Eggs
1289,Toothpaste
1289,Beans
1289,Coffee
1290,Diapers
1290,Milk
1290,Soap
1291,Beans
1291,Soap
1291,Butter
1292,Soda
1292,Eggs
1292,Toothpaste
1292,Coffee
1293,Milk
1293,Coffee
1293,Bread
1294,Flour
1294,Soda
1294,Soap
1294,Eggs
1294,Beans
1294,Cereal
1295,Toothpaste
1295,Bread
1295,Milk
1295,Cooking Oil
1295,Diapers
1295,Tea
1296,Soap
1296,Butter
1297,Beer
1297,Toothpaste
1297,Diapers
1298,Biscuits
1298,Flour
1298,Eggs
1299,Sugar
1299,Soda
1300,Soda
1300,Milk
1301,Sugar
1301,Bread
1301,Tea
1302,Beans
1302,Butter
1303,Cereal
1303,Tea
1303,Eggs
1303,Butter
1303,Beer
1304,Cereal
1304,Flour
1304,Eggs
1304,Coffee
1304,Shampoo
1305,Soap
1305,Cooking Oil
1305,Butter
1305,Sugar
1306,Coffee
1306,Milk
1306,Tea
1306,Cooking Oil
1307,Butter
1307,Rice
1308,Shampoo
1308,Tea
1308,Salt
1309,Tea
1309,Toothpaste
1309,Flour
1309,Milk
1309,Sugar
1309,Beer
1310,Soap
1310,Tea
1310,Bread
1310,Soda
1310,Eggs
1310,Diapers
1311,Tea
1311,Eggs
1312,Beans
1312,Shampoo
1312,Soda
1312,Sugar
1312,Coffee
1312,Eggs
1313,Beer
1313,Toothpaste
1313,Shampoo
1313,Flour
1314,Cereal
1314,Milk
1314,Tea
1315,Cereal
1315,Eggs
1315,Beans
1315,Salt
1315,Shampoo
1316,Diapers
1316,Flour
1317,Butter
1317,Beer
1317,Cereal
1318,Salt
1318,Diapers
1318,Beer
1318,Flour
1318,Toothpaste
1318,Soap
1319,Rice
1319,Milk
1319,Coffee
1320,Sugar
1320,Soda
1321,Tea
1321,Cereal
1321,Milk
1321,Diapers
1321,Salt
1322,Coffee
1322,Shampoo
1322,Rice
1322,Cooking Oil
1323,Toothpaste
1323,Milk
1323,Butter
1323,Biscuits
1323,Tea
1323,Eggs
1324,Soda
1324,Beer
1325,Eggs
1325,Flour
1326,Biscuits
1326,Cereal
1326,Cooking Oil
1326,Shampoo
1326,Coffee
1327,Flour
1327,Butter
1327,Cooking Oil
1327,Cereal
1328,Flour
1328,Shampoo
1329,Soap
1329,Flour
1329,Eggs
1330,Biscuits
1330,Soda
1330,Milk
1330,Shampoo
1330,Sugar
1331,Cereal
1331,Toothpaste
1331,Tea
1332,Salt
1332,Sugar
1332,Toothpaste
1332,Coffee
1332,Cereal
1333,Coffee
1333,Cooking Oil
1333,Sugar
1333,Milk
1334,Milk
1334,Rice
1334,Sugar
1334,Butter
1334,Toothpaste
1334,Flour
1335,Tea
1335,Cooking Oil
1335,Flour
1335,Beans
1335,Cereal
1336,Tea
1336,Biscuits
1336,Diapers
1336,Flour
1336,Eggs
1336,Coffee
1337,Soda
1337,Coffee
1337,Cereal
1337,Toothpaste
1337,Rice
1337,Bread
1338,Flour
1338,Cereal
1338,Cooking Oil
1338,Shampoo
1338,Biscuits
1339,Sugar
1339,Biscuits
1339,Bread
1339,Shampoo
1339,Milk
1339,Diapers
1340,Beer
1340,Milk
1340,Shampoo
1340,Cereal
1340,Soap
1341,Butter
1341,Toothpaste
1341,Soda
1341,Flour
1341,Eggs
1342,Bread
1342,Shampoo
1342,Coffee
1342,Sugar
1342,Salt
1342,Beer
1343,Eggs
1343,Bread
1343,Soda
1344,Tea
1344,Toothpaste
1344,Bread
1344,Biscuits
1345,Sugar
1345,Soap
1345,Tea
1345,Salt
1345,Toothpaste
1346,Eggs
1346,Soap
1347,Beer
1347,Milk
1347,Beans
1347,Shampoo
1348,Cereal
1348,Diapers
1348,Coffee
1348,Eggs
1349,Cooking Oil
1349,Milk
1349,Beer
1349,Salt
1349,Biscuits
1349,Soda
1350,Salt
1350,Toothpaste
1350,Milk
1350,Cereal
1350,Beer
1351,Diapers
1351,Eggs
1351,Cereal
1352,Sugar
1352,Cooking Oil
1352,Flour
1353,Butter
1353,Soda
1353,Coffee
1353,Flour
1353,Cooking Oil
1353,Tea
1354,Beer
1354,Shampoo
1354,Rice
1354,Milk
1355,Salt
1355,Cereal
1356,Soda
1356,Beer
1356,Biscuits
1356,Butter
1356,Cereal
1357,Diapers
1357,Beans
1357,Toothpaste
1357,Salt
1357,Eggs
1357,Butter
1358,Eggs
1358,Cereal
1358,Soap
1358,Tea
1358,Beans
1359,Butter
1359,Tea
1360,Butter
1360,Sugar
1360,Soda
1360,Biscuits
1361,Beer
1361,Bread
1361,Beans
1362,Diapers
1362,Sugar
1362,Soda
1362,Salt
1362,Shampoo
1363,Bread
1363,Beans
1363,Coffee
1363,Eggs
1363,Cereal
1364,Beer
1364,Cooking Oil
1364,Shampoo
1365,Cooking Oil
1365,Cereal
1365,Soda
1365,Beer
1365,Toothpaste
1365,Flour
1366,Biscuits
1366,Sugar
1366,Beans
1366,Tea
1367,Flour
1367,Soda
1367,Salt
1367,Beans
1368,Sugar
1368,Salt
1369,Toothpaste
1369,Tea
1369,Biscuits
1369,Beans
1370,Tea
1370,Sugar
1370,Cereal
1371,Butter
1371,Milk
1371,Cooking Oil
1372,Sugar
1372,Toothpaste
1372,Rice
1372,Salt
1372,Tea
1372,Butter
1373,Milk
1373,Cooking Oil
1373,Salt
1373,Sugar
1373,Diapers
1373,Flour
1374,Tea
1374,Diapers
1374,Beans
1374,Butter
1374,Bread
1374,Coffee
1375,Sugar
1375,Toothpaste
1375,Cooking Oil
1375,Cereal
1375,Bread
1376,Beer
1376,Cooking Oil
1376,Beans
1376,Soda
1376,Diapers
1376,Soap
1377,Sugar
1377,Biscuits
1377,Toothpaste
1377,Cooking Oil
1377,Butter
1377,Salt
1378,Milk
1378,Sugar
1378,Diapers
1378,Butter
1378,Beans
1379,Soap
1379,Flour
1380,Salt
1380,Eggs
1380,Cooking Oil
1380,Milk
1380,Coffee
1381,Beer
1381,Flour
1381,Rice
1381,Coffee
1381,Bread
1381,Milk
1382,Toothpaste
1382,Eggs
1382,Beer
1382,Soap
1382,Coffee
1382,Flour
1383,Cereal
1383,Beer
1383,Milk
1383,Salt
1384,Sugar
1384,Shampoo
1384,Salt
1384,Soap
1384,Diapers
1385,Beans
1385,Salt
1386,Beans
1386,Toothpaste
1386,Diapers
1386,Eggs
1387,Toothpaste
1387,Shampoo
1387,Cereal
1388,Tea
1388,Shampoo
1388,Biscuits
1388,Sugar
1389,Cereal
1389,Eggs
1389,Sugar
1389,Coffee
1389,Beans
1389,Flour
1390,Cooking Oil
1390,Eggs
1390,Soap
1390,Biscuits
1390,Bread
1390,Coffee
1391,Shampoo
1391,Tea
1391,Diapers
1391,Toothpaste
1392,Sugar
1392,Coffee
1392,Tea
1392,Soap
1392,Beans
1392,Rice
1393,Milk
1393,Beans
1393,Biscuits
1393,Soda
1393,Toothpaste
1394,Bread
1394,Cereal
1394,Sugar
1395,Beans
1395,Soda
1395,Butter
1395,Cereal
1396,Tea
1396,Soda
1396,Flour
1396,Bread
1396,Butter
1397,Soda
1397,Eggs
1397,Salt
1397,Cereal
1398,Shampoo
1398,Rice
1398,Soda
1398,Butter
1398,Salt
1398,Biscuits
1399,Bread
1399,Rice
1399,Tea
1399,Milk
1399,Sugar
1399,Diapers
1400,Sugar
1400,Salt
1400,Tea
1400,Milk
1400,Rice
1401,Shampoo
1401,Salt
1401,Milk
1401,Beans
1402,Beer
1402,Eggs
1402,Cereal
1402,Coffee
1403,Butter
1403,Tea
1403,Diapers
1404,Cooking Oil
1404,Beans
1404,Rice
1404,Salt
1405,Diapers
1405,Biscuits
1406,Sugar
1406,Bread
1406,Cereal
1406,Beer
1407,Salt
1407,Soda
1407,Shampoo
1407,Cooking Oil
1408,Butter
1408,Coffee
1408,Sugar
1409,Flour
1409,Coffee
1409,Diapers
1409,Beer
1409,Butter
1409,Biscuits
1410,Eggs
1410,Butter
1410,Sugar
1410,Bread
1410,Soda
1411,Beans
1411,Salt
1411,Sugar
1411,Toothpaste
1412,Beer
1412,Cooking Oil
1412,Tea
1412,Beans
1412,Bread
1412,Salt
1413,Flour
1413,Sugar
1414,Flour
1414,Beans
1414,Sugar
1415,Sugar
1415,Eggs
1415,Shampoo
1416,Eggs
1416,Bread
1417,Shampoo
1417,Milk
1417,Coffee
1417,Butter
1417,Biscuits
1418,Biscuits
1418,Milk
1418,Soda
1418,Butter
1418,Rice
1418,Bread
1419,Beans
1419,Bread
1420,Butter
1420,Coffee
1421,Coffee
1421,Tea
1421,Salt
1421,Bread
1421,Eggs
1421,Soda
1422,Biscuits
1422,Salt
1422,Cereal
1422,Tea
1423,Cereal
1423,Flour
1423,Beer
1423,Eggs
1423,Butter
1423,Shampoo
1424,Bread
1424,Beer
1424,Coffee
1424,Diapers
1424,Beans
1424,Eggs
1425,Bread
1425,Butter
1425,Coffee
1425,Beer
1425,Soda
1425,Tea
1426,Tea
1426,Toothpaste
1426,Butter
1426,Cereal
1426,Salt
1426,Coffee
1427,Coffee
1427,Beer
1427,Flour
1427,Shampoo
1427,Butter
1428,Butter
1428,Toothpaste
1428,Cereal
1428,Beer
1429,Soda
1429,Salt
1429,Beans
1430,Milk
1430,Eggs
1430,Cooking Oil
1430,Soda
1430,Butter
1430,Coffee
1431,Toothpaste
1431,Beans
1431,Cereal
1431,Flour
1432,Shampoo
1432,Beans
1432,Cereal
1432,Coffee
1432,Eggs
1432,Toothpaste
1433,Salt
1433,Tea
1433,Bread
1433,Soda
1433,Butter
1434,Toothpaste
1434,Beer
1434,Eggs
1434,Butter
1434,Sugar
1435,Soap
1435,Biscuits
1435,Butter
1435,Tea
1435,Eggs
1436,Coffee
1436,Cooking Oil
1436,Cereal
1436,Soap
1437,Flour
1437,Shampoo
1438,Rice
1438,Biscuits
1438,Cereal
1438,Soap
1438,Salt
1439,Cereal
1439,Soap
1439,Soda
1439,Beer
1439,Rice
1440,Toothpaste
1440,Butter
1440,Biscuits
1441,Soda
1441,Cereal
1441,Flour
1441,Sugar
1442,Butter
1442,Milk
1443,Soda
1443,Bread
1444,Soap
1444,Cooking Oil
1444,Sugar
1445,Cereal
1445,Butter
1445,Eggs
1445,Beer
1446,Toothpaste
1446,Coffee
1446,Beans
1446,Soda
1446,Beer
1447,Rice
1447,Diapers
1447,Cooking Oil
1447,Bread
1447,Milk
1447,Coffee
1448,Soap
1448,Toothpaste
1449,Soap
1449,Toothpaste
1449,Biscuits
1449,Milk
1450,Tea
1450,Diapers
1451,Tea
1451,Soda
1451,Shampoo
1451,Sugar
1452,Soap
1452,Soda
1452,Butter
1452,Biscuits
1453,Diapers
1453,Biscuits
1453,Soda
1453,Cereal
1453,Tea
1453,Rice
1454,Soap
1454,Rice
1455,Biscuits
1455,Soap
1455,Salt
1455,Beans
1455,Cooking Oil
1456,Bread
1456,Biscuits
1457,Sugar
1457,Salt
1458,Biscuits
1458,Bread
1458,Cooking Oil
1458,Soap
1459,Shampoo
1459,Salt
1460,Shampoo
1460,Salt
1460,Milk
1460,Flour
1461,Flour
1461,Beans
1461,Eggs
1462,Beans
1462,Butter
1463,Tea
1463,Bread
1463,Diapers
1463,Cooking Oil
1464,Toothpaste
1464,Shampoo
1465,Beer
1465,Shampoo
1465,Rice
1465,Bread
1465,Soda
1465,Beans
1466,Cooking Oil
1466,Soap
1467,Soap
1467,Cooking Oil
1467,Butter
1467,Soda
1467,Diapers
1467,Salt
1468,Cooking Oil
1468,Soda
1468,Beer
1469,Tea
1469,Beans
1469,Salt
1469,Shampoo
1470,Soda
1470,Eggs
1470,Diapers
1471,Beans
1471,Rice
1471,Milk
1472,Biscuits
1472,Soap
1472,Flour
1472,Eggs
1473,Butter
1473,Biscuits
1473,Cooking Oil
1473,Rice
1473,Eggs
1473,Beans
1474,Soda
1474,Shampoo
1474,Coffee
1474,Salt
1474,Eggs
1474,Cooking Oil
1475,Beer
1475,Beans
1475,Shampoo
1475,Cooking Oil
1476,Shampoo
1476,Soap
1476,Rice
1477,Beer
1477,Toothpaste
1477,Diapers
1477,Tea
1477,Bread
1477,Cooking Oil
1478,Tea
1478,Biscuits
1478,Soda
1478,Coffee
1478,Toothpaste
1478,Sugar
1479,Cereal
1479,Shampoo
1479,Milk
1479,Beer
1479,Coffee
1479,Tea
1480,Sugar
1480,Flour
1480,Cereal
1480,Beans
1480,Shampoo
1481,Cooking Oil
1481,Eggs
1481,Coffee
1481,Shampoo
1481,Rice
1482,Tea
1482,Rice
1482,Flour
1482,Soap
1483,Butter
1483,Sugar
1483,Coffee
1484,Flour
1484,Beans
1485,Soda
1485,Diapers
1485,Shampoo
1485,Biscuits
1485,Milk
1486,Tea
1486,Rice
1486,Sugar
1487,Rice
1487,Cereal
1488,Tea
1488,Milk
1488,Soda
1488,Bread
1488,Biscuits
1488,Shampoo
1489,Cooking Oil
1489,Beans
1490,Shampoo
1490,Salt
1491,Soap
1491,Sugar
1492,Butter
1492,Biscuits
1492,Beer
1493,Beer
1493,Biscuits
1494,Rice
1494,Soda
1494,Eggs
1494,Flour
1494,Butter
1494,Soap
1495,Cooking Oil
1495,Biscuits
1495,Soap
1495,Flour
1496,Coffee
1496,Sugar
1496,Butter
1496,Tea
1496,Cereal
1497,Toothpaste
1497,Shampoo
1497,Rice
1497,Milk
1498,Diapers
1498,Salt
1498,Butter
1498,Cooking Oil
1498,Shampoo
1499,Flour
1499,Rice
1499,Sugar
1499,Salt
1499,Soda
1500,Beans
1500,Bread
1500,Milk
1500,Diapers
1501,Rice
1501,Diapers
1501,Soap
1502,Salt
1502,Butter
1502,Diapers
1502,Flour
1503,Soap
1503,Bread
1503,Cereal
1503,Rice
1503,Beans
1504,Flour
1504,Beans
1505,Tea
1505,Toothpaste
1505,Cooking Oil
1506,Milk
1506,Rice
1506,Eggs
1506,Soda
1506,Beer
1507,Cooking Oil
1507,Shampoo
1507,Butter
1507,Tea
1507,Rice
1508,Eggs
1508,Salt
1508,Shampoo
1508,Cooking Oil
1508,Toothpaste
1508,Biscuits
1509,Milk
1509,Tea
1510,Sugar
1510,Bread
1510,Soap
1510,Coffee
1510,Beans
1511,Biscuits
1511,Eggs
1511,Butter
1511,Tea
1512,Beer
1512,Sugar
1512,Shampoo
1513,Toothpaste
1513,Soda
1513,Sugar
1513,Rice
1514,Biscuits
1514,Cooking Oil
1514,Beans
1515,Eggs
1515,Shampoo
1515,Salt
1516,Soap
1516,Cereal
1516,Flour
1517,Bread
1517,Diapers
1518,Flour
1518,Eggs
1518,Toothpaste
1518,Coffee
1518,Rice
1518,Salt
1519,Milk
1519,Soap
1519,Shampoo
1520,Rice
1520,Sugar
1520,Eggs
1520,Salt
1520,Tea
1520,Beans
1521,Bread
1521,Beer
1522,Toothpaste
1522,Soda
1522,Butter
1522,Flour
1522,Coffee
1523,Rice
1523,Beans
1523,Soda
1524,Sugar
1524,Shampoo
1524,Coffee
1524,Diapers
1524,Beans
1525,Shampoo
1525,Tea
1525,Cereal
1526,Bread
1526,Beans
1526,Rice
1527,Cereal
1527,Toothpaste
1527,Flour
1528,Biscuits
1528,Toothpaste
1528,Eggs
1528,Bread
1529,Sugar
1529,Cooking Oil
1529,Soap
1529,Coffee
1529,Diapers
1530,Cereal
1530,Rice
1530,Eggs
1530,Butter
1530,Milk
1531,Cooking Oil
1531,Flour
1532,Salt
1532,Milk
1532,Bread
1532,Rice
1532,Soap
1533,Soap
1533,Salt
1533,Sugar
1533,Milk
1534,Tea
1534,Rice
1534,Cereal
1534,Beer
1534,Soda
1534,Toothpaste
1535,Toothpaste
1535,Sugar
1535,Eggs
1535,Cooking Oil
1536,Shampoo
1536,Sugar
1536,Rice
1536,Butter
1536,Cooking Oil
1536,Bread
1537,Soda
1537,Rice
1537,Salt
1538,Beans
1538,Rice
1538,Biscuits
1538,Beer
1538,Cooking Oil
1539,Tea
1539,Cooking Oil
1539,Soda
1539,Sugar
1539,Toothpaste
1540,Coffee
1540,Sugar
1541,Flour
1541,Tea
1542,Soda
1542,Rice
1543,Toothpaste
1543,Shampoo
1543,Butter
1544,Milk
1544,Toothpaste
1544,Salt
1544,Soda
1544,Biscuits
1545,Butter
1545,Sugar
1545,Cereal
1545,Salt
1545,Eggs
1546,Beans
1546,Tea
1546,Biscuits
1547,Rice
1547,Biscuits
1547,Coffee
1547,Bread
1547,Tea
1547,Diapers
1548,Flour
1548,Soda
1549,Cooking Oil
1549,Bread
1550,Butter
1550,Soap
1550,Salt
1550,Cereal
1551,Sugar
1551,Bread
1551,Eggs
1551,Toothpaste
1552,Toothpaste
1552,Rice
1552,Bread
1552,Cooking Oil
1552,Milk
1553,Toothpaste
1553,Cooking Oil
1553,Sugar
1553,Coffee
1553,Milk
1553,Soap
1554,Cooking Oil
1554,Milk
1554,Eggs
1554,Soap
1555,Soap
1555,Rice
1556,Flour
1556,Soap
1556,Eggs
1557,Coffee
1557,Tea
1558,Soap
1558,Beans
1558,Sugar
1558,Butter
1558,Biscuits
1559,Shampoo
1559,Beans
1559,Sugar
1559,Salt
1559,Butter
1560,Beer
1560,Coffee
1560,Soda
1560,Toothpaste
1561,Soda
1561,Rice
1561,Shampoo
1561,Eggs
1561,Diapers
1562,Cereal
1562,Tea
1562,Shampoo
1562,Diapers
1563,Milk
1563,Beer
1564,Toothpaste
1564,Flour
1564,Sugar
1564,Soda
1565,Beer
1565,Eggs
1565,Beans
1565,Toothpaste
1565,Shampoo
1565,Milk
1566,Beans
1566,Sugar
1566,Biscuits
1566,Cereal
1566,Flour
1567,Shampoo
1567,Beans
1567,Milk
1567,Eggs
1567,Diapers
1567,Rice
1568,Beer
1568,Shampoo
1569,Butter
1569,Toothpaste
1569,Rice
1569,Salt
1569,Diapers
1570,Eggs
1570,Beer
1570,Bread
1570,Butter
1570,Toothpaste
1570,Cereal
1571,Soap
1571,Milk
1571,Eggs
1572,Beans
1572,Cooking Oil
1572,Toothpaste
1572,Diapers
1572,Rice
1573,Tea
1573,Coffee
1573,Cereal
1573,Eggs
1574,Rice
1574,Butter
1574,Shampoo
1574,Bread
1574,Beer
1574,Coffee
1575,Bread
1575,Tea
1576,Toothpaste
1576,Soap
1576,Soda
1576,Beans
1576,Salt
1577,Beans
1577,Eggs
1577,Sugar
1577,Diapers
1577,Bread
1578,Butter
1578,Bread
1578,Coffee
1579,Coffee
1579,Soda
1580,Flour
1580,Shampoo
1580,Diapers
1581,Eggs
1581,Beans
1581,Toothpaste
1582,Soda
1582,Shampoo
1582,Bread
1583,Tea
1583,Sugar
1584,Soda
1584,Cereal
1584,Bread
1584,Toothpaste
1584,Flour
1585,Beans
1585,Biscuits
1585,Soap
1586,Cooking Oil
1586,Bread
1587,Shampoo
1587,Cereal
1588,Biscuits
1588,Diapers
1588,Beans
1588,Milk
1588,Soda
1589,Soda
1589,Beer
1589,Cereal
1589,Flour
1589,Milk
1590,Bread
1590,Shampoo
1590,Cooking Oil
1590,Eggs
1590,Rice
1590,Toothpaste
1591,Soda
1591,Butter
1591,Cereal
1591,Salt
1591,Toothpaste
1592,Bread
1592,Tea
1592,Beans
1592,Coffee
1592,Soda
1593,Toothpaste
1593,Flour
1593,Beer
1593,Biscuits
1594,Cooking Oil
1594,Toothpaste
1594,Sugar
1594,Beans
1594,Soap
1594,Coffee
1595,Soda
1595,Tea
1595,Coffee
1595,Beans
1596,Soda
1596,Sugar
1597,Coffee
1597,Tea
1597,Soda
1598,Shampoo
1598,Soda
1599,Flour
1599,Coffee
1599,Diapers
1599,Milk
1600,Salt
1600,Rice
1601,Tea
1601,Cereal
1601,Beer
1601,Milk
1602,Cooking Oil
1602,Shampoo
1603,Cereal
1603,Flour
1604,Diapers
1604,Flour
1605,Rice
1605,Cooking Oil
1605,Salt
1605,Milk
1605,Cereal
1606,Beer
1606,Butter
1606,Milk
1607,Toothpaste
1607,Butter
1607,Biscuits
1607,Diapers
1607,Milk
1608,Butter
1608,Tea
1608,Cereal
1608,Coffee
1608,Salt
1608,Eggs
1609,Toothpaste
1609,Beer
1609,Soda
1609,Butter
1610,Salt
1610,Cooking Oil
1610,Sugar
1611,Coffee
1611,Toothpaste
1612,Bread
1612,Flour
1612,Soda
1612,Cooking Oil
1612,Beans
1613,Tea
1613,Eggs
1613,Rice
1613,Salt
1613,Shampoo
1613,Cereal
1614,Sugar
1614,Beer
1614,Shampoo
1615,Sugar
1615,Shampoo
1615,Biscuits
1616,Toothpaste
1616,Beer
1616,Salt
1616,Bread
1616,Cereal
1617,Bread
1617,Beer
1617,Eggs
1618,Cooking Oil
1618,Cereal
1619,Tea
1619,Shampoo
1619,Milk
1619,Soap
1619,Diapers
1620,Biscuits
1620,Milk
1620,Beer
1621,Shampoo
1621,Soap
1621,Diapers
1621,Beans
1622,Salt
1622,Bread
1622,Rice
1622,Beer
1623,Sugar
1623,Soap
1623,Toothpaste
1623,Coffee
1623,Diapers
1623,Salt
1624,Soap
1624,Coffee
1624,Beans
1624,Eggs
1625,Diapers
1625,Cooking Oil
1626,Sugar
1626,Beer
1626,Diapers
1626,Beans
1626,Coffee
1627,Beer
1627,Diapers
1628,Beer
1628,Cooking Oil
1628,Tea
1628,Bread
1629,Diapers
1629,Biscuits
1630,Flour
1630,Beans
1630,Shampoo
1630,Beer
1631,Milk
1631,Salt
1632,Beer
1632,Salt
1632,Butter
1632,Milk
1633,Toothpaste
1633,Beans
1634,Bread
1634,Toothpaste
1634,Cooking Oil
1634,Flour
1634,Beer
1634,Tea
1635,Beans
1635,Biscuits
1635,Sugar
1635,Soap
1636,Flour
1636,Butter
1636,Cooking Oil
1636,Beer
1636,Coffee
1636,Shampoo
1637,Toothpaste
1637,Butter
1637,Sugar
1637,Shampoo
1638,Eggs
1638,Cereal
1638,Milk
1638,Shampoo
1638,Sugar
1639,Coffee
1639,Toothpaste
1639,Eggs
1639,Salt
1639,Soap
1640,Diapers
1640,Beer
1640,Soap
1640,Rice
1640,Soda
1640,Cooking Oil
1641,Toothpaste
1641,Soda
1641,Shampoo
1641,Tea
1641,Sugar
1642,Sugar
1642,Soda
1642,Toothpaste
1642,Cereal
1642,Butter
1642,Salt
1643,Toothpaste
1643,Soda
1643,Milk
1644,Diapers
1644,Salt
1644,Butter
1645,Shampoo
1645,Butter
1645,Biscuits
1645,Salt
1645,Beans
1645,Bread
1646,Sugar
1646,Butter
1646,Salt
1646,Beans
1646,Diapers
1646,Cereal
1647,Soda
1647,Bread
1647,Sugar
1647,Diapers
1648,Shampoo
1648,Milk
1648,Beans
1648,Diapers
1648,Coffee
1648,Eggs
1649,Bread
1649,Butter
1649,Diapers
1649,Salt
1649,Eggs
1650,Shampoo
1650,Soda
1651,Beans
1651,Biscuits
1651,Toothpaste
1651,Cooking Oil
1651,Soap
1651,Flour
1652,Sugar
1652,Cereal
1652,Beer
1652,Toothpaste
1652,Diapers
1652,Cooking Oil
1653,Sugar
1653,Cooking Oil
1653,Eggs
1653,Shampoo
1653,Soap
1654,Soap
1654,Cooking Oil
1654,Diapers
1655,Toothpaste
1655,Rice
1656,Tea
1656,Bread
1657,Beans
1657,Diapers
1657,Butter
1657,Eggs
1657,Coffee
1657,Cereal
1658,Biscuits
1658,Milk
1658,Beer
1658,Coffee
1658,Soda
1658,Rice
1659,Butter
1659,Diapers
1660,Bread
1660,Rice
1660,Coffee
1661,Biscuits
1661,Toothpaste
1661,Eggs
1662,Cereal
1662,Cooking Oil
1662,Soap
1662,Milk
1662,Soda
1662,Shampoo
1663,Cooking Oil
1663,Shampoo
1664,Shampoo
1664,Bread
1664,Beer
1665,Soap
1665,Rice
1665,Eggs
1665,Butter
1666,Diapers
1666,Tea
1667,Sugar
1667,Tea
1667,Rice
1667,Eggs
1668,Beans
1668,Shampoo
1668,Tea
1669,Cereal
1669,Cooking Oil
1670,Bread
1670,Milk
1670,Beans
1671,Butter
1671,Cooking Oil
1671,Sugar
1671,Shampoo
1671,Biscuits
1672,Soap
1672,Butter
1672,Milk
1672,Coffee
1673,Cereal
1673,Biscuits
1673,Flour
1674,Beer
1674,Cereal
1674,Soap
1674,Butter
1674,Rice
1675,Cooking Oil
1675,Toothpaste
1676,Shampoo
1676,Eggs
1676,Soda
1676,Bread
1676,Cereal
1676,Cooking Oil
1677,Bread
1677,Rice
1677,Diapers
1678,Butter
1678,Flour
1678,Diapers
1678,Sugar
1678,Beans
1678,Soda
1679,Toothpaste
1679,Eggs
1679,Beer
1679,Coffee
1679,Sugar
1680,Diapers
1680,Tea
1680,Flour
1680,Shampoo
1681,Toothpaste
1681,Milk
1681,Bread
1681,Cereal
1681,Beans
1681,Cooking Oil
1682,Bread
1682,Milk
1682,Soda
1683,Cereal
1683,Rice
1683,Soap
1683,Salt
1684,Biscuits
1684,Beer
1684,Beans
1685,Tea
1685,Diapers
1686,Eggs
1686,Beans
1686,Cereal
1686,Soap
1686,Butter
1686,Shampoo
1687,Diapers
1687,Rice
1687,Shampoo
1688,Cereal
1688,Beer
1688,Cooking Oil
1689,Rice
1689,Toothpaste
1689,Cereal
1689,Flour
1690,Cooking Oil
1690,Coffee
1690,Toothpaste
1690,Cereal
1691,Sugar
1691,Bread
1692,Soda
1692,Bread
1692,Biscuits
1692,Tea
1692,Shampoo
1692,Rice
1693,Soap
1693,Diapers
1693,Eggs
1693,Biscuits
1693,Bread
1694,Butter
1694,Salt
1694,Soap
1694,Biscuits
1694,Diapers
1695,Bread
1695,Butter
1695,Toothpaste
1696,Coffee
1696,Toothpaste
1696,Bread
1696,Flour
1697,Rice
1697,Salt
1698,Eggs
1698,Beans
1698,Flour
1699,Soda
1699,Salt
1699,Milk
1700,Soda
1700,Coffee
1700,Bread
1700,Biscuits
1701,Butter
1701,Rice
1701,Beer
1701,Soda
1701,Tea
1702,Coffee
1702,Biscuits
1702,Tea
1702,Eggs
1702,Sugar
1702,Salt
1703,Sugar
1703,Rice
1704,Flour
1704,Beer
1704,Rice
1704,Coffee
1704,Bread
1704,Salt
1705,Cereal
1705,Rice
1705,Diapers
1705,Toothpaste
1705,Bread
1705,Coffee
1706,Cooking Oil
1706,Shampoo
1707,Rice
1707,Butter
1707,Beer
1707,Toothpaste
1707,Soda
1708,Beer
1708,Milk
1708,Flour
1708,Biscuits
1709,Shampoo
1709,Diapers
1709,Toothpaste
1709,Cooking Oil
1710,Soap
1710,Coffee
1711,Eggs
1711,Biscuits
1711,Bread
1711,Flour
1712,Eggs
1712,Flour
1712,Coffee
1712,Tea
1712,Cooking Oil
1713,Eggs
1713,Butter
1713,Bread
1713,Soda
1714,Bread
1714,Biscuits
1714,Cooking Oil
1714,Rice
1714,Flour
1715,Soda
1715,Flour
1716,Milk
1716,Cooking Oil
1716,Beer
1716,Flour
1717,Cereal
1717,Toothpaste
1718,Toothpaste
1718,Biscuits
1719,Eggs
1719,Milk
1720,Soap
1720,Cooking Oil
1721,Sugar
1721,Milk
1722,Milk
1722,Beans
1722,Shampoo
1722,Eggs
1722,Butter
1723,Diapers
1723,Milk
1724,Soap
1724,Cereal
1724,Butter
1724,Shampoo
1725,Cereal
1725,Bread
1725,Toothpaste
1726,Toothpaste
1726,Shampoo
1726,Butter
1726,Cooking Oil
1726,Bread
1727,Beer
1727,Cooking Oil
1727,Coffee
1727,Butter
1727,Cereal
1728,Cereal
1728,Eggs
1729,Coffee
1729,Biscuits
1729,Sugar
1729,Beer
1729,Rice
1729,Tea
1730,Soda
1730,Toothpaste
1730,Tea
1730,Flour
1730,Sugar
1731,Milk
1731,Sugar
1732,Biscuits
1732,Shampoo
1732,Beer
1732,Salt
1733,Biscuits
1733,Diapers
1733,Sugar
1733,Cereal
1734,Beans
1734,Cooking Oil
1734,Cereal
1734,Salt
1734,Bread
1735,Biscuits
1735,Sugar
1735,Milk
1735,Flour
1735,Diapers
1735,Coffee
1736,Coffee
1736,Cereal
1736,Biscuits
1736,Eggs
1737,Coffee
1737,Soda
1737,Toothpaste
1737,Cooking Oil
1738,Biscuits
1738,Cooking Oil
1738,Beans
1738,Shampoo
1738,Cereal
1738,Eggs
1739,Toothpaste
1739,Milk
1740,Flour
1740,Bread
1740,Cereal
1740,Diapers
1740,Toothpaste
1741,Coffee
1741,Flour
1741,Soda
1741,Cooking Oil
1741,Soap
1741,Butter
1742,Tea
1742,Bread
1742,Salt
1742,Biscuits
1742,Eggs
1743,Bread
1743,Diapers
1743,Butter
1743,Sugar
1744,Toothpaste
1744,Coffee
1744,Salt
1744,Milk
1745,Coffee
1745,Cereal
1746,Tea
1746,Flour
1746,Rice
1746,Cereal
1747,Diapers
1747,Flour
1747,Tea
1747,Coffee
1748,Tea
1748,Rice
1749,Bread
1749,Sugar
1750,Butter
1750,Cooking Oil
1750,Coffee
1750,Beans
1750,Toothpaste
1751,Salt
1751,Cereal
1751,Tea
1752,Cereal
1752,Shampoo
1752,Eggs
1752,Butter
1752,Sugar
1752,Toothpaste
1753,Coffee
1753,Cereal
1753,Diapers
1754,Salt
1754,Cooking Oil
1754,Shampoo
1754,Flour
1754,Milk
1755,Biscuits
1755,Coffee
1755,Diapers
1755,Beans
1755,Sugar
1755,Tea
1756,Milk
1756,Rice
1756,Sugar
1757,Biscuits
1757,Soda
1757,Coffee
1757,Eggs
1757,Cereal
1757,Soap
1758,Eggs
1758,Tea
1758,Beer
1758,Soap
1758,Salt
1758,Flour
1759,Toothpaste
1759,Tea
1759,Cooking Oil
1759,Salt
1759,Soda
1759,Beer
1760,Soda
1760,Rice
1760,Soap
1760,Milk
1760,Coffee
1761,Coffee
1761,Toothpaste
1761,Flour
1762,Coffee
1762,Beans
1762,Shampoo
1762,Soap
1762,Tea
1763,Rice
1763,Diapers
1763,Eggs
1763,Sugar
1764,Beans
1764,Toothpaste
1765,Salt
1765,Flour
1765,Milk
1765,Toothpaste
1765,Cooking Oil
1765,Coffee
1766,Toothpaste
1766,Shampoo
1766,Biscuits
1766,Salt
1766,Soda
1767,Rice
1767,Soap
1767,Bread
1767,Tea
1768,Flour
1768,Rice
1768,Eggs
1768,Salt
1768,Diapers
1769,Beer
1769,Cereal
1769,Diapers
1769,Eggs
1770,Flour
1770,Butter
1770,Biscuits
1770,Eggs
1771,Milk
1771,Diapers
1771,Coffee
1771,Cooking Oil
1772,Cooking Oil
1772,Rice
1772,Beans
1773,Coffee
1773,Sugar
1773,Diapers
1773,Rice
1774,Beans
1774,Cereal
1775,Soap
1775,Cereal
1775,Bread
1775,Soda
1776,Sugar
1776,Soap
1776,Flour
1776,Diapers
1776,Coffee
1776,Beer
1777,Beer
1777,Biscuits
1777,Diapers
1778,Toothpaste
1778,Cooking Oil
1778,Eggs
1778,Biscuits
1778,Coffee
1779,Shampoo
1779,Coffee
1779,Toothpaste
1779,Diapers
1779,Bread
1780,Sugar
1780,Biscuits
1780,Cereal
1780,Beans
1781,Soda
1781,Salt
1782,Flour
1782,Shampoo
1782,Biscuits
1782,Soap
1783,Beans
1783,Cooking Oil
1783,Bread
1783,Milk
1783,Sugar
1783,Eggs
1784,Biscuits
1784,Cereal
1784,Soap
1784,Diapers
1785,Soap
1785,Eggs
1785,Diapers
1786,Coffee
1786,Soda
1786,Butter
1786,Cooking Oil
1786,Toothpaste
1787,Eggs
1787,Tea
1787,Butter
1787,Biscuits
1788,Cereal
1788,Soda
1789,Tea
1789,Coffee
1790,Soap
1790,Beans
1791,Flour
1791,Beans
1791,Beer
1792,Toothpaste
1792,Milk
1793,Beer
1793,Bread
1793,Tea
1793,Cooking Oil
1794,Soap
1794,Tea
1794,Butter
1794,Sugar
1794,Shampoo
1795,Eggs
1795,Soap
1795,Coffee
1795,Sugar
1795,Diapers
1796,Shampoo
1796,Soda
1796,Tea
1796,Beans
1797,Coffee
1797,Beer
1797,Toothpaste
1797,Rice
1797,Cereal
1797,Bread
1798,Toothpaste
1798,Eggs
1798,Soap
1799,Flour
1799,Beer
1799,Cooking Oil
1799,Soda
1799,Toothpaste
1799,Cereal
1800,Milk
1800,Eggs
1800,Beans
1800,Toothpaste
1800,Salt
1800,Soda
1801,Soap
1801,Tea
1801,Shampoo
1801,Flour
1802,Cereal
1802,Shampoo
1802,Toothpaste
1803,Tea
1803,Biscuits
1803,Butter
1803,Soap
1803,Milk
1804,Tea
1804,Rice
1804,Diapers
1805,Eggs
1805,Coffee
1805,Soda
1805,Shampoo
1806,Butter
1806,Salt
1806,Eggs
1806,Cereal
1806,Cooking Oil
1806,Coffee
1807,Tea
1807,Rice
1807,Coffee
1807,Beer
1807,Milk
1808,Bread
1808,Eggs
1808,Toothpaste
1808,Soap
1808,Cooking Oil
1809,Coffee
1809,Soap
1809,Milk
1809,Bread
1809,Rice
1810,Sugar
1810,Cooking Oil
1811,Soda
1811,Toothpaste
1811,Eggs
1811,Diapers
1811,Flour
1812,Sugar
1812,Soda
1812,Rice
1812,Tea
1812,Beer
1813,Cereal
1813,Butter
1814,Beans
1814,Butter
1814,Diapers
1815,Tea
1815,Eggs
1815,Bread
1815,Rice
1815,Sugar
1816,Salt
1816,Tea
1816,Coffee
1816,Milk
1816,Diapers
1817,Milk
1817,Beer
1817,Butter
1817,Soap
1817,Beans
1818,Milk
1818,Bread
1818,Cereal
1818,Soap
1818,Coffee
1819,Salt
1819,Flour
1819,Coffee
1820,Bread
1820,Shampoo
1821,Bread
1821,Cooking Oil
1822,Eggs
1822,Flour
1822,Butter
1823,Tea
1823,Milk
1823,Shampoo
1824,Butter
1824,Cooking Oil
1824,Biscuits
1824,Coffee
1824,Beer
1824,Toothpaste
1825,Soap
1825,Shampoo
1825,Butter
1825,Flour
1825,Coffee
1825,Milk
1826,Cooking Oil
1826,Tea
1826,Bread
1826,Soap
1827,Bread
1827,Soap
1827,Coffee
1827,Toothpaste
1828,Eggs
1828,Rice
1828,Salt
1829,Eggs
1829,Coffee
1830,Beans
1830,Soda
1830,Butter
1830,Tea
1830,Rice
1831,Cereal
1831,Cooking Oil
1832,Sugar
1832,Cooking Oil
1832,Tea
1832,Biscuits
1832,Soda
1833,Cooking Oil
1833,Bread
1834,Biscuits
1834,Toothpaste
1834,Soap
1834,Beer
1834,Flour
1834,Rice
1835,Bread
1835,Flour
1835,Cereal
1835,Butter
1835,Beans
1835,Beer
1836,Flour
1836,Eggs
1836,Milk
1836,Sugar
1836,Salt
1837,Beans
1837,Coffee
1837,Sugar
1837,Soap
1837,Biscuits
1838,Flour
1838,Toothpaste
1839,Sugar
1839,Rice
1839,Cooking Oil
1839,Milk
1840,Shampoo
1840,Beans
1840,Bread
1840,Flour
1840,Cooking Oil
1840,Tea
1841,Coffee
1841,Diapers
1841,Milk
1842,Flour
1842,Soap
1842,Beer
1843,Tea
1843,Toothpaste
1843,Bread
1843,Eggs
1844,Eggs
1844,Coffee
1844,Milk
1844,Sugar
1844,Biscuits
1845,Eggs
1845,Tea
1845,Diapers
1846,Flour
1846,Beer
1846,Eggs
1847,Toothpaste
1847,Beans
1847,Tea
1847,Coffee
1847,Flour
1848,Tea
1848,Flour
1848,Beans
1848,Diapers
1848,Toothpaste
1849,Rice
1849,Soda
1849,Eggs
1850,Soap
1850,Cereal
1850,Tea
1850,Soda
1851,Shampoo
1851,Beer
1851,Cereal
1851,Sugar
1851,Soda
1852,Soap
1852,Shampoo
1853,Beans
1853,Diapers
1854,Diapers
1854,Tea
1854,Rice
1855,Toothpaste
1855,Beans
1855,Cereal
1855,Biscuits
1855,Soap
1856,Cereal
1856,Soda
1856,Eggs
1856,Cooking Oil
1856,Sugar
1856,Salt
1857,Coffee
1857,Sugar
1857,Cereal
1857,Bread
1857,Beer
1858,Salt
1858,Soda
1858,Soap
1858,Shampoo
1858,Diapers
1858,Cereal
1859,Soap
1859,Soda
1859,Beans
1859,Eggs
1860,Milk
1860,Butter
1860,Soap
1860,Tea
1860,Coffee
1861,Rice
1861,Salt
1861,Beer
1861,Soda
1861,Biscuits
1862,Soap
1862,Shampoo
1863,Flour
1863,Soda
1863,Milk
1864,Bread
1864,Sugar
1864,Rice
1864,Toothpaste
1865,Rice
1865,Flour
1865,Tea
1866,Butter
1866,Eggs
1867,Soap
1867,Biscuits
1867,Eggs
1867,Beer
1867,Coffee
1868,Tea
1868,Shampoo
1868,Rice
1868,Beans
1868,Soap
1869,Beans
1869,Shampoo
1869,Eggs
1869,Butter
1869,Salt
1869,Biscuits
1870,Rice
1870,Coffee
1870,Soap
1871,Bread
1871,Tea
1871,Soda
1871,Cereal
1872,Eggs
1872,Shampoo
1873,Shampoo
1873,Beans
1873,Cereal
1873,Tea
1873,Beer
1873,Soda
1874,Sugar
1874,Coffee
1874,Soda
1875,Beer
1875,Butter
1875,Toothpaste
1876,Coffee
1876,Tea
1876,Cereal
1876,Milk
1876,Biscuits
1876,Soap
1877,Rice
1877,Shampoo
1877,Toothpaste
1878,Butter
1878,Tea
1878,Eggs
1878,Beans
1878,Diapers
1878,Coffee
1879,Rice
1879,Eggs
1880,Bread
1880,Biscuits
1880,Flour
1880,Soda
1881,Butter
1881,Bread
1881,Milk
1881,Rice
1881,Biscuits
1882,Milk
1882,Butter
1882,Coffee
1882,Beer
1882,Bread
1882,Diapers
1883,Beer
1883,Rice
1883,Soda
1883,Diapers
1883,Cooking Oil
1883,Beans
1884,Cooking Oil
1884,Salt
1884,Cereal
1884,Diapers
1884,Flour
1885,Soap
1885,Cereal
1885,Milk
1885,Salt
1886,Butter
1886,Bread
1886,Toothpaste
1886,Soap
1887,Bread
1887,Butter
1887,Beer
1888,Flour
1888,Salt
1888,Toothpaste
1888,Soda
1889,Shampoo
1889,Coffee
1889,Bread
1889,Cooking Oil
1889,Diapers
1889,Beer
1890,Milk
1890,Cooking Oil
1890,Toothpaste
1890,Flour
1891,Soda
1891,Soap
1891,Eggs
1891,Salt
1891,Shampoo
1891,Toothpaste
1892,Butter
1892,Soap
1892,Beans
1892,Coffee
1892,Sugar
1893,Biscuits
1893,Beer
1893,Milk
1893,Sugar
1893,Soda
1893,Soap
1894,Beans
1894,Diapers
1895,Tea
1895,Toothpaste
1895,Butter
1895,Soda
1895,Flour
1896,Coffee
1896,Tea
1896,Eggs
1897,Shampoo
1897,Bread
1898,Cooking Oil
1898,Soap
1898,Rice
1899,Rice
1899,Soda
1899,Butter
1900,Diapers
1900,Soda
1900,Eggs
1901,Flour
1901,Biscuits
1901,Eggs
1901,Cooking Oil
1902,Soap
1902,Diapers
1902,Shampoo
1902,Flour
1902,Beer
1903,Butter
1903,Beans
1903,Eggs
1903,Cereal
1904,Cooking Oil
1904,Biscuits
1905,Butter
1905,Biscuits
1905,Salt
1906,Cooking Oil
1906,Soap
1906,Bread
1907,Milk
1907,Biscuits
1907,Diapers
1907,Coffee
1908,Shampoo
1908,Cooking Oil
1908,Salt
1908,Sugar
1908,Flour
1909,Soap
1909,Bread
1910,Toothpaste
1910,Cooking Oil
1910,Sugar
1910,Beans
1910,Flour
1910,Soda
1911,Sugar
1911,Beans
1911,Cereal
1911,Milk
1911,Cooking Oil
1912,Beer
1912,Butter
1912,Rice
1912,Soda
1913,Soda
1913,Beans
1913,Soap
1914,Cooking Oil
1914,Sugar
1915,Flour
1915,Milk
1915,Tea
1916,Soap
1916,Beans
1916,Tea
1916,Bread
1916,Cereal
1917,Shampoo
1917,Soda
1917,Salt
1917,Soap
1918,Eggs
1918,Beer
1918,Beans
1918,Diapers
1918,Coffee
1919,Soap
1919,Butter
1919,Sugar
1919,Cooking Oil
1919,Milk
1919,Shampoo
1920,Toothpaste
1920,Tea
1920,Sugar
1920,Cereal
1921,Beans
1921,Sugar
1921,Coffee
1921,Diapers
1921,Beer
1922,Salt
1922,Biscuits
1923,Sugar
1923,Soap
1924,Tea
1924,Milk
1924,Butter
1924,Salt
1924,Soda
1925,Milk
1925,Butter
1925,Beer
1926,Biscuits
1926,Shampoo
1926,Sugar
1926,Soap
1927,Milk
1927,Butter
1927,Flour
1928,Soda
1928,Beans
1928,Tea
1928,Soap
1928,Eggs
1929,Soap
1929,Rice
1929,Toothpaste
1929,Salt
1929,Bread
1930,Butter
1930,Eggs
1931,Soda
1931,Beer
1932,Bread
1932,Biscuits
1932,Soda
1933,Butter
1933,Biscuits
1933,Tea
1933,Soap
1934,Shampoo
1934,Beans
1934,Sugar
1934,Butter
1934,Cooking Oil
1935,Diapers
1935,Tea
1936,Bread
1936,Soap
1936,Diapers
1936,Beer
1936,Soda
1937,Beer
1937,Biscuits
1938,Butter
1938,Coffee
1938,Cereal
1938,Tea
1938,Beer
1938,Bread
1939,Toothpaste
1939,Cooking Oil
1939,Butter
1939,Milk
1939,Sugar
1939,Beans
1940,Tea
1940,Eggs
1940,Diapers
1941,Milk
1941,Eggs
1941,Butter
1941,Beer
1942,Salt
1942,Diapers
1942,Tea
1942,Shampoo
1943,Flour
1943,Beans
1944,Beer
1944,Beans
1945,Toothpaste
1945,Sugar
1945,Soda
1945,Cooking Oil
1945,Salt
1945,Beans
1946,Beer
1946,Coffee
1946,Butter
1946,Milk
1946,Flour
1946,Bread
1947,Sugar
1947,Beans
1947,Coffee
1948,Cereal
1948,Diapers
1948,Coffee
1949,Salt
1949,Rice
1949,Sugar
1949,Shampoo
1949,Eggs
1949,Biscuits
1950,Rice
1950,Soap
1950,Tea
1950,Biscuits
1951,Eggs
1951,Rice
1951,Shampoo
1951,Sugar
1951,Coffee
1952,Rice
1952,Coffee
1953,Biscuits
1953,Beer
1953,Tea
1953,Shampoo
1954,Cooking Oil
1954,Shampoo
1954,Soap
1955,Cereal
1955,Flour
1956,Rice
1956,Butter
1957,Butter
1957,Diapers
1957,Shampoo
1957,Eggs
1957,Cooking Oil
1957,Soda
1958,Salt
1958,Cooking Oil
1959,Sugar
1959,Flour
1959,Rice
1959,Bread
1960,Soap
1960,Flour
1961,Butter
1961,Cereal
1961,Tea
1961,Beer
1961,Beans
1962,Soda
1962,Butter
1962,Beer
1962,Salt
1962,Beans
1962,Rice
1963,Cereal
1963,Butter
1963,Milk
1963,Tea
1964,Soap
1964,Tea
1964,Salt
1964,Cereal
1965,Biscuits
1965,Sugar
1965,Rice
1965,Bread
1965,Cereal
1966,Sugar
1966,Soap
1966,Rice
1967,Salt
1967,Flour
1968,Shampoo
1968,Toothpaste
1968,Tea
1968,Biscuits
1968,Salt
1968,Soap
1969,Beer
1969,Beans
1969,Rice
1969,Shampoo
1969,Flour
1970,Eggs
1970,Beans
1970,Shampoo
1970,Cooking Oil
1971,Eggs
1971,Cereal
1972,Eggs
1972,Tea
1972,Milk
1973,Beans
1973,Diapers
1974,Bread
1974,Shampoo
1974,Beer
1974,Sugar
1974,Soda
1975,Beer
1975,Diapers
1975,Butter
1975,Soap
1975,Bread
1976,Coffee
1976,Bread
1976,Shampoo
1976,Salt
1976,Flour
1976,Beer
1977,Cereal
1977,Milk
1977,Toothpaste
1977,Tea
1977,Flour
1977,Eggs
1978,Salt
1978,Sugar
1979,Salt
1979,Milk
1979,Shampoo
1979,Soda
1979,Soap
1979,Eggs
1980,Butter
1980,Cooking Oil
1980,Flour
1980,Cereal
1981,Beans
1981,Soda
1981,Cereal
1981,Rice
1982,Bread
1982,Biscuits
1982,Soap
1983,Beans
1983,Beer
1983,Milk
1984,Cereal
1984,Soda
1984,Milk
1984,Salt
1984,Bread
1985,Toothpaste
1985,Cooking Oil
1985,Beans
1985,Salt
1985,Butter
1985,Bread
1986,Tea
1986,Soap
1986,Salt
1986,Bread
1987,Shampoo
1987,Soda
1988,Eggs
1988,Beer
1988,Biscuits
1989,Shampoo
1989,Butter
1989,Soda
1990,Sugar
1990,Rice
1991,Soda
1991,Soap
1991,Salt
1992,Salt
1992,Shampoo
1992,Tea
1992,Rice
1993,Toothpaste
1993,Cereal
1994,Sugar
1994,Salt
1994,Shampoo
1995,Salt
1995,Coffee
1996,Coffee
1996,Beans
1997,Sugar
1997,Soap
1998,Cooking Oil
1998,Milk
1998,Tea
1998,Coffee
1998,Soda
1999,Butter
1999,Shampoo
1999,Soda
1999,Diapers
2000,Cooking Oil
2000,Soap
2000,Beer
